PLAYER_ID,FIRST_NAME_x,LAST_NAME_x,PLAYER_NAME_x,POSITION_x,HEIGHT_WO_SHOES,HEIGHT_WO_SHOES_FT_IN,WEIGHT,WINGSPAN,WINGSPAN_FT_IN,STANDING_REACH,STANDING_REACH_FT_IN,DRAFT_CLASS,DRAFT_ROUND,DRAFT_NUMBER
2124,Malik,Allen,Malik Allen,PF-C,80.25,6' 8.25'',271,86.5,7' 2.5'',109,9' 1'',2000,-1,-1
12019,Harold,Arceneaux,Harold Arceneaux,SG-SF,76.5,6' 4.5'',219,80.5,6' 8.5'',103,8' 7'',2000,-1,-1
12020,Lamont,Barnes,Lamont Barnes,PF-C,80.5,6' 8.5'',235.5,87.5,7' 3.5'',108,9' 0'',2000,-1,-1
12131,Mario,Bland,Mario Bland,PF,77.5,6' 5.5'',287,84,7' 0'',103,8' 7'',2000,-1,-1
2056,Primoz,Brezec,Primoz Brezec,C,84.75,7' 0.75'',243,86,7' 2'',110,9' 2'',2000,1,27
2081,Ernest,Brown,Ernest Brown,C,82,6' 10'',222.5,85.25,7' 1.25'',109.5,9' 1.5'',2000,2,52
2049,Speedy,Claxton,Speedy Claxton,PG,70.5,5' 10.5'',166,72,6' 0'',94.5,7' 10.5'',2000,1,20
12132,Eric,Coley,Eric Coley,SG-SF,76,6' 4'',205,83,6' 11'',102,8' 6'',2000,-1,-1
12133,Ed,Cota,Ed Cota,PG,72.25,6' 0.25'',189,76,6' 4'',96.5,8' 0.5'',2000,-1,-1
12134,Schea,Cotton,Schea Cotton,SF,76.25,6' 4.25'',219.5,79,6' 7'',100,8' 4'',2000,-1,-1
2037,Jamal,Crawford,Jamal Crawford,PG-SG,76.5,6' 4.5'',175,82,6' 10'',102.5,8' 6.5'',2000,1,8
12017,Caswell,Cyrus,Caswell Cyrus,PF,79.75,6' 7.75'',220.5,86,7' 2'',107.5,8' 11.5'',2000,-1,-1
2064,Khalid,El-Amin,Khalid El-Amin,PG,69,5' 9'',200,73.5,6' 1.5'',93,7' 9'',2000,2,34
12018,Vassil,Evtimov,Vassil Evtimov,PF,81.75,6' 9.75'',262,82.5,6' 10.5'',106.5,8' 10.5'',2000,-1,-1
2238,Antonis,Fotsis,Antonis Fotsis,SF,81.25,6' 9.25'',219,80.5,6' 8.5'',106,8' 10'',2000,2,47
2109,Eddie,Gill,Eddie Gill,PG,71.75,5' 11.75'',176,76,6' 4'',93,7' 9'',2000,-1,-1
12136,Marcus,Goree,Marcus Goree,SF-PF,79.5,6' 7.5'',239,84.5,7' 0.5'',105.5,8' 9.5'',2000,-1,-1
12137,A.J.,Granger,A.J. Granger,SF,79.5,6' 7.5'',227,81.5,6' 9.5'',103,8' 7'',2000,-1,-1
2062,A.J.,Guyton,A.J. Guyton,PG-SG,72.75,6' 0.75'',175,75.75,6' 3.75'',97.5,8' 1.5'',2000,2,32
2110,Ron,Hale,Ron Hale,SG-SF,79.5,6' 7.5'',202,83,6' 11'',104.5,8' 8.5'',2000,-1,-1
2078,Jason,Hart,Jason Hart,PG,73.75,6' 1.75'',181,78,6' 6'',97.5,8' 1.5'',2000,2,49
2051,Donnell,Harvey,Donnell Harvey,PF,79.25,6' 7.25'',220,84.5,7' 0.5'',105.5,8' 9.5'',2000,1,22
12138,Johnny,Hemsley,Johnny Hemsley,SG-SF,74.75,6' 2.75'',200,80,6' 8'',100.5,8' 4.5'',2000,-1,-1
12139,Michael,Hermon,Michael Hermon,SG-PG,74.75,6' 2.75'',195,78.25,6' 6.25'',98.5,8' 2.5'',2000,-1,-1
2083,Cory,Hightower,Cory Hightower,SG-SF,77.5,6' 5.5'',183,83,6' 11'',101.5,8' 5.5'',2000,2,54
12140,Shaheen,Holloway,Shaheen Holloway,PG,69.5,5' 9.5'',174,70,5' 10'',91,7' 7'',2000,-1,-1
2067,Eddie,House,Eddie House,SG-PG,71.75,5' 11.75'',176.5,75.5,6' 3.5'',95,7' 11'',2000,2,37
2111,Jimmie,Hunter,Jimmie Hunter,SG-PG,75,6' 3'',170,80,6' 8'',100,8' 4'',2000,-1,-1
12141,Jacob,Jaacks,Jacob Jaacks,PF,81.25,6' 9.25'',238,83,6' 11'',105.5,8' 9.5'',2000,-1,-1
2060,Marko,Jaric,Marko Jaric,SG-SF,78.5,6' 6.5'',210,81,6' 9'',104,8' 8'',2000,2,30
12142,Nate,Johnson,Nate Johnson,SF,78.5,6' 6.5'',211.5,80.5,6' 8.5'',104,8' 8'',2000,-1,-1
12143,Kenyon,Jones,Kenyon Jones,PF-C,81,6' 9'',282,85,7' 1'',108,9' 0'',2000,-1,-1
2077,Mark,Karcher,Mark Karcher,SG,76,6' 4'',218,80,6' 8'',102.5,8' 6.5'',2000,2,48
12144,Brandon,Kurtz,Brandon Kurtz,PF-C,81.5,6' 9.5'',257,83.25,6' 11.25'',106.5,8' 10.5'',2000,-1,-1
2061,Dan,Langhi,Dan Langhi,SF,81,6' 9'',197.5,80,6' 8'',104,8' 8'',2000,2,31
2090,Justin,Love,Justin Love,PG-SG,73.5,6' 1.5'',205.5,76.5,6' 4.5'',97.5,8' 1.5'',2000,-1,-1
2058,Mark,Madsen,Mark Madsen,PF,80,6' 8'',236.5,84.5,7' 0.5'',104.5,8' 8.5'',2000,1,29
2082,Dan,McClintock,Dan McClintock,C-PF,83,6' 11'',250,85.5,7' 1.5'',107,8' 11'',2000,2,53
2087,Pete,Mickeal,Pete Mickeal,SG-SF,77,6' 5'',222,81.5,6' 9.5'',103.5,8' 7.5'',2000,2,58
12145,Brian,Montonati,Brian Montonati,PF,80.75,6' 8.75'',215,82.5,6' 10.5'',106,8' 10'',2000,-1,-1
2508,Gabe,Muoneke,Gabe Muoneke,PF-SF,78.25,6' 6.25'',244,84.5,7' 0.5'',105,8' 9'',2000,-1,-1
12146,Ndongo,N'diaye,Ndongo N'diaye,C,83.5,6' 11.5'',208,87.5,7' 3.5'',112.5,9' 4.5'',2000,-1,-1
2059,Eduardo,Najera,Eduardo Najera,PF-SF,78.5,6' 6.5'',234.5,83.5,6' 11.5'',104.5,8' 8.5'',2000,2,38
12147,Matthew,Nielsen,Matthew Nielsen,PF,81,6' 9'',223,82.5,6' 10.5'',106,8' 10'',2000,-1,-1
2084,Chris,Porter,Chris Porter,SF-PF,77.5,6' 5.5'',214,81.5,6' 9.5'',103.5,8' 7.5'',2000,2,55
2068,Lavor,Postell,Lavor Postell,SG,76.5,6' 4.5'',205,80.5,6' 8.5'',101.5,8' 5.5'',2000,2,39
2080,Igor,Rakocevic,Igor Rakocevic,PG,74.5,6' 2.5'',184,77.25,6' 5.25'',100,8' 4'',2000,2,51
12148,Reed,Rawlings,Reed Rawlings,SG-SF,78.25,6' 6.25'',218,81.25,6' 9.25'',104,8' 8'',2000,-1,-1
2072,Michael,Redd,Michael Redd,SG-SF,76.75,6' 4.75'',214,81,6' 9'',102,8' 6'',2000,2,43
12149,Damon,Reed,Damon Reed,PF-C,80.5,6' 8.5'',228,81.5,6' 9.5'',104.5,8' 8.5'',2000,-1,-1
12021,Aubrey,Reese,Aubrey Reese,PG,70.75,5' 10.75'',189,77.5,6' 5.5'',94.5,7' 10.5'',2000,-1,-1
2121,Terrance,Roberson,Terrance Roberson,SF,77.5,6' 5.5'',209,80,6' 8'',103.5,8' 7.5'',2000,-1,-1
12022,Julius Doc,Robinson,Julius Doc Robinson,PG,72,6' 0'',184,75.75,6' 3.75'',95.5,7' 11.5'',2000,-1,-1
12023,Pepe,Sanchez,Pepe Sanchez,PG,75,6' 3'',194,75.5,6' 3.5'',96,8' 0'',2000,-1,-1
12024,Matt,Santangelo,Matt Santangelo,PG,72,6' 0'',177,75,6' 3'',94,7' 10'',2000,-1,-1
2637,Alex,Scales,Alex Scales,SG-PG,74.25,6' 2.25'',184.5,81,6' 9'',97.5,8' 1.5'',2000,-1,-1
12025,Karim,Shabazz,Karim Shabazz,C,83.5,6' 11.5'',224,87,7' 3'',111.5,9' 3.5'',2000,-1,-1
12026,Nick,Sheppard,Nick Sheppard,PF-C,81.5,6' 9.5'',273,83,6' 11'',107.5,8' 11.5'',2000,-1,-1
2065,Mike,Smith,Mike Smith,SF,78.5,6' 6.5'',198,80.5,6' 8.5'',103,8' 7'',2000,2,35
2074,Jabari,Smith,Jabari Smith,PF-C,81.75,6' 9.75'',240.5,86.5,7' 2.5'',109.5,9' 1.5'',2000,2,45
12027,Jarrett,Stephens,Jarrett Stephens,PF,77.25,6' 5.25'',258,81.25,6' 9.25'',103,8' 7'',2000,-1,-1
12028,Bootsy,Thornton,Bootsy Thornton,SG,75.5,6' 3.5'',194.5,78.5,6' 6.5'',101.5,8' 5.5'',2000,-1,-1
12029,Jaquay,Walls,Jaquay Walls,PG,73.25,6' 1.25'',165.5,74.5,6' 2.5'',96.5,8' 0.5'',2000,2,56
12030,Jameel,Watkins,Jameel Watkins,PF-C,81.5,6' 9.5'',244.5,90,7' 6'',110,9' 2'',2000,-1,-1
12033,Adam,Allenspach,Adam Allenspach,C,83.5,6' 11.5'',259,84.5,7' 0.5'',107,8' 11'',2001,-1,-1
2240,Gilbert,Arenas,Gilbert Arenas,SG,74.25,6' 2.25'',199,81.5,6' 9.5'',99.5,8' 3.5'',2001,2,30
2220,Brandon,Armstrong,Brandon Armstrong,SG,75.5,6' 3.5'',188,81.5,6' 9.5'',99.5,8' 3.5'',2001,1,23
2203,Shane,Battier,Shane Battier,SF-PF,80.25,6' 8.25'',229,82.5,6' 10.5'',105,8' 9'',2001,1,6
12034,Cookie,Belcher,Cookie Belcher,SG-PG,75,6' 3'',206,80.5,6' 8.5'',99,8' 3'',2001,-1,-1
2294,Charlie,Bell,Charlie Bell,PG,74.5,6' 2.5'',200,79.5,6' 7.5'',97.5,8' 1.5'',2001,-1,-1
2257,Ruben,Boumtje-Boumtje,Ruben Boumtje-Boumtje,C,83.5,6' 11.5'',245,88,7' 4'',111,9' 3'',2001,2,49
12035,Calvin,Bowman,Calvin Bowman,PF,80.75,6' 8.75'',214,83.5,6' 11.5'',104,8' 8'',2001,-1,-1
2214,Michael,Bradley,Michael Bradley,PF,81.5,6' 9.5'',227,85.5,7' 1.5'',107,8' 11'',2001,1,17
2249,Jamison,Brewer,Jamison Brewer,PG,74.5,6' 2.5'',178,80.75,6' 8.75'',102.5,8' 6.5'',2001,2,40
2198,Kwame,Brown,Kwame Brown,PF-C,82,6' 10'',243,85,7' 1'',108,9' 0'',2001,1,1
12031,SirValiant,Brown,SirValiant Brown,PG,71,5' 11'',176,76,6' 4'',92.5,7' 8.5'',2001,-1,-1
2245,Damone,Brown,Damone Brown,SF,80.25,6' 8.25'',202,83.75,6' 11.75'',104.5,8' 8.5'',2001,2,36
12032,Ryan,Carroll,Ryan Carroll,SF-SG,76,6' 4'',202,80.25,6' 8.25'',99,8' 3'',2001,-1,-1
2199,Tyson,Chandler,Tyson Chandler,SF-PF,83.5,6' 11.5'',224,87,7' 3'',110,9' 2'',2001,1,2
2251,Eric,Chenowith,Eric Chenowith,C,85,7' 1'',264,88,7' 4'',111,9' 3'',2001,2,42
2439,Sam,Clancy,Sam Clancy,PF,78.25,6' 6.25'',242,86.75,7' 2.75'',107,8' 11'',2001,2,44
12036,Gyasi,Cline-Heard,Gyasi Cline-Heard,PF,78.25,6' 6.25'',231,83.5,6' 11.5'',103,8' 7'',2001,-1,-1
2215,Jason,Collins,Jason Collins,PF-C,82.25,6' 10.25'',251,88.5,7' 4.5'',110,9' 2'',2001,1,18
2260,Jarron,Collins,Jarron Collins,C-PF,81.25,6' 9.25'',252,87,7' 3'',104,8' 8'',2001,2,52
2241,Omar,Cook,Omar Cook,PG,71.5,5' 11.5'',189,77.5,6' 5.5'',92,7' 8'',2001,2,31
2201,Eddy,Curry,Eddy Curry,C,82.5,6' 10.5'',301,90.5,7' 6.5'',111,9' 3'',2001,1,4
12037,Tate,Decker,Tate Decker,SF,81.25,6' 9.25'',218,83.75,6' 11.75'',107,8' 11'',2001,-1,-1
2205,DeSagana,Diop,DeSagana Diop,C,82,6' 10'',314,90.5,7' 6.5'',113,9' 5'',2001,1,8
12038,Robb,Dryden,Robb Dryden,C,85,7' 1'',241,86.5,7' 2.5'',110.2,9' 2.25'',2001,-1,-1
12039,Anthony,Evans,Anthony Evans,PF,78,6' 6'',267,83.5,6' 11.5'',101.5,8' 5.5'',2001,-1,-1
2230,Maurice,Evans,Maurice Evans,SG,76.25,6' 4.25'',221,80,6' 8'',101,8' 5'',2001,-1,-1
12150,Benjamin,Eze,Benjamin Eze,C-PF,80.75,6' 8.75'',232,90,7' 6'',109,9' 1'',2001,-1,-1
2386,Kimani,Ffriend,Kimani Ffriend,C-PF,81.5,6' 9.5'',228,82.75,6' 10.75'',108.5,9' 0.5'',2001,-1,-1
2228,Alton,Ford,Alton Ford,PF,80.25,6' 8.25'',271,82.5,6' 10.5'',102.5,8' 6.5'',2001,2,50
2218,Joseph,Forte,Joseph Forte,SG,75.5,6' 3.5'',193,78.5,6' 6.5'',100.5,8' 4.5'',2001,1,21
12151,Jerry,Green,Jerry Green,PG-SG,73.5,6' 1.5'',179,78.25,6' 6.25'',99,8' 3'',2001,-1,-1
12152,Kenny,Gregory,Kenny Gregory,SF,75.5,6' 3.5'',200,83.25,6' 11.25'',101,8' 5'',2001,-1,-1
2204,Eddie,Griffin,Eddie Griffin,PF-SF,81.25,6' 9.25'',222,87,7' 3'',110,9' 2'',2001,1,7
2239,Trenton,Hassell,Trenton Hassell,SG-SF,76.25,6' 4.25'',205,80,6' 8'',99.5,8' 3.5'',2001,2,29
2213,Kirk,Haston,Kirk Haston,PF-SF,80,6' 8'',242,84.25,7' 0.25'',106,8' 10'',2001,1,16
2217,Brendan,Haywood,Brendan Haywood,C,83.75,6' 11.75'',266,90.5,7' 6.5'',113.5,9' 5.5'',2001,1,20
12154,Michael,Hicks,Michael Hicks,SG,76,6' 4'',197,81.25,6' 9.25'',100.5,8' 4.5'',2001,-1,-1
2212,Steven,Hunter,Steven Hunter,C-PF,82.25,6' 10.25'',224,88,7' 4'',108,9' 0'',2001,1,15
12155,Andre,Hutson,Andre Hutson,PF,80.25,6' 8.25'',244,83.75,6' 11.75'',105.5,8' 9.5'',2001,2,51
12156,Nate,James,Nate James,SF,76.75,6' 4.75'',196,82.75,6' 10.75'',103,8' 7'',2001,-1,-1
2210,Richard,Jefferson,Richard Jefferson,SF,79.25,6' 7.25'',223,84,7' 0'',103,8' 7'',2001,1,13
2798,Horace,Jenkins,Horace Jenkins,PG,71.75,5' 11.75'',171,77.25,6' 5.25'',97,8' 1'',2001,-1,-1
12157,Darrell,Johns,Darrell Johns,C,83.25,6' 11.25'',278,89,7' 5'',111.5,9' 3.5'',2001,-1,-1
2256,Ken,Johnson,Ken Johnson,C,82.75,6' 10.75'',227,88,7' 4'',109.5,9' 1.5'',2001,2,48
2207,Joe,Johnson,Joe Johnson,SF-SG,78.75,6' 6.75'',226,81,6' 9'',105,8' 9'',2001,1,10
12158,Darren,Kelly,Darren Kelly,SG-PG,74,6' 2'',178,78.75,6' 6.75'',100,8' 4'',2001,-1,-1
2253,Sean,Lampley,Sean Lampley,SF,77.5,6' 5.5'',213,81.25,6' 9.25'',101,8' 5'',2001,2,44
12159,Zach,Marbury,Zach Marbury,PG-SG,73.25,6' 1.25'',183,75.5,6' 3.5'',96.5,8' 0.5'',2001,-1,-1
12160,Mike,Mardesich,Mike Mardesich,C-PF,82.25,6' 10.25'',247,84.5,7' 0.5'',108.5,9' 0.5'',2001,-1,-1
12161,DeMarcus,Minor,DeMarcus Minor,SG,75.25,6' 3.25'',207,80.25,6' 8.25'',99.5,8' 3.5'',2001,-1,-1
200081,Jamario,Moon,Jamario Moon,SF,78.5,6' 6.5'',185,83.5,6' 11.5'',103,8' 7'',2001,-1,-1
2211,Troy,Murphy,Troy Murphy,PF,81.75,6' 9.75'',230,83,6' 11'',105.5,8' 9.5'',2001,1,14
12162,Troy,Ostler,Troy Ostler,PF-SF,80.75,6' 8.75'',200,85.5,7' 1.5'',106.5,8' 10.5'',2001,-1,-1
40046,Lazaros,Papadopoulos,Lazaros Papadopoulos,C-PF,82.25,6' 10.25'',227,86.5,7' 2.5'',110.5,9' 2.5'',2001,-1,-1
12164,Rashad,Phillips,Rashad Phillips,PG,69,5' 9'',166,73.5,6' 1.5'',92,7' 8'',2001,-1,-1
12165,Demetrius,Porter,Demetrius Porter,PG,70.75,5' 10.75'',178,74.75,6' 2.75'',94,7' 10'',2001,-1,-1
12166,Martin,Rancik,Martin Rancik,PF-SF,80.75,6' 8.75'',230,80,6' 8'',102.5,8' 6.5'',2001,-1,-1
2202,Jason,Richardson,Jason Richardson,SF-SG,76.75,6' 4.75'',213,83.5,6' 11.5'',102.5,8' 6.5'',2001,1,5
2369,Norman,Richardson,Norman Richardson,SG,75.5,6' 3.5'',180,76.5,6' 4.5'',99,8' 3'',2001,-1,-1
2219,Jeryl,Sasser,Jeryl Sasser,PG-SG,77.5,6' 5.5'',194,82.5,6' 10.5'',103.5,8' 7.5'',2001,1,22
12167,Kenny,Satterfield,Kenny Satterfield,PG,73,6' 1'',176,76.5,6' 4.5'',98,8' 2'',2001,2,53
2243,Brian,Scalabrine,Brian Scalabrine,PF-SF,80.75,6' 8.75'',241,81.75,6' 9.75'',105.5,8' 9.5'',2001,2,34
12168,Lee,Scruggs,Lee Scruggs,PF-SF,82.25,6' 10.25'',209,89.75,7' 5.75'',110.5,9' 2.5'',2001,-1,-1
2250,Bobby,Simmons,Bobby Simmons,SF,78.25,6' 6.25'',235,84.25,7' 0.25'',105,8' 9'',2001,2,41
2226,Will,Solomon,Will Solomon,PG-SG,71.75,5' 11.75'',172,81.5,6' 9.5'',99.5,8' 3.5'',2001,2,32
12169,Greg,Stevenson,Greg Stevenson,SF,75.75,6' 3.75'',215,84.5,7' 0.5'',102,8' 6'',2001,-1,-1
12170,Damone,Thornton,Damone Thornton,PF,78.75,6' 6.75'',235,85.75,7' 1.75'',103.7,8' 7.75'',2001,-1,-1
2224,Jamaal,Tinsley,Jamaal Tinsley,PG,72.75,6' 0.75'',199,79.5,6' 7.5'',97.5,8' 1.5'',2001,1,27
12171,Tory,Walker,Tory Walker,SF,78.75,6' 6.75'',187,83.25,6' 11.25'',104.5,8' 8.5'',2001,-1,-1
12172,Souleymane,Wane,Souleymane Wane,C,80.5,6' 8.5'',235,89,7' 5'',109,9' 1'',2001,-1,-1
2248,Earl,Watson,Earl Watson,PG,72,6' 0'',184,78.75,6' 6.75'',97,8' 1'',2001,2,39
2206,Rodney,White,Rodney White,SF,79.5,6' 7.5'',243,83.5,6' 11.5'',104.5,8' 8.5'',2001,1,9
2254,Loren,Woods,Loren Woods,C-PF,84.75,7' 0.75'',246,89.5,7' 5.5'',113,9' 5'',2001,2,45
12041,Michael,Wright,Michael Wright,PF,79,6' 7'',247,83.5,6' 11.5'',106.5,8' 10.5'',2001,2,38
12040,Brent,Wright,Brent Wright,PF-SF,79.75,6' 7.75'',236,85.5,7' 1.5'',105.5,8' 9.5'',2001,-1,-1
2403,Nene,,Nene ,PF,81.25,6' 9.25'',253,88.5,7' 4.5'',109,9' 1'',2002,-1,-1
2425,Robert,Archibald,Robert Archibald,PF-C,82,6' 10'',250,83.75,6' 11.75'',109.5,9' 1.5'',2002,2,31
2486,Maurice,Baker,Maurice Baker,PG,71.75,5' 11.75'',178,76,6' 4'',96,8' 0'',2002,-1,-1
2440,Matt,Barnes,Matt Barnes,SF,78.75,6' 6.75'',226,81,6' 9'',96.5,8' 0.5'',2002,2,45
12286,Lubos,Barton,Lubos Barton,SF-SG,78.5,6' 6.5'',221,84,7' 0'',107,8' 11'',2002,-1,-1
2437,Lonny,Baxter,Lonny Baxter,PF-C,78.25,6' 6.25'',264,85.5,7' 1.5'',107.5,8' 11.5'',2002,2,43
12287,Lee,Benson,Lee Benson,SF-PF,80.25,6' 8.25'',217,85.75,7' 1.75'',109,9' 1'',2002,-1,-1
2430,Carlos,Boozer,Carlos Boozer,PF,79.75,6' 7.75'',258,86.25,7' 2.25'',108.5,9' 0.5'',2002,2,34
2414,Curtis,Borchardt,Curtis Borchardt,C,82.75,6' 10.75'',238,86.5,7' 2.5'',112,9' 4'',2002,1,18
2452,J.R.,Bremer,J.R. Bremer,SG-PG,73.25,6' 1.25'',188,74.25,6' 2.25'',96,8' 0'',2002,-1,-1
12288,Brian,Brown,Brian Brown,PG-SG,74.5,6' 2.5'',194,79,6' 7'',99,8' 3'',2002,-1,-1
12289,Sylvere,Bryan,Sylvere Bryan,PF,81,6' 9'',226,88.5,7' 4.5'',109.5,9' 1.5'',2002,-1,-1
12290,Chris,Burgess,Chris Burgess,C,82,6' 10'',246,83.5,6' 11.5'',109,9' 1'',2002,-1,-1
2406,Caron,Butler,Caron Butler,SF-SG,77.25,6' 5.25'',222,83.5,6' 11.5'',103.5,8' 7.5'',2002,1,10
2446,Rasual,Butler,Rasual Butler,SF,78.75,6' 6.75'',198,84,7' 0'',105.5,8' 9.5'',2002,2,52
12291,Mire,Chatman,Mire Chatman,PG-SG,72,6' 0'',174,78,6' 6'',98,8' 2'',2002,-1,-1
12042,Chris,Christoffersen,Chris Christoffersen,C,84.75,7' 0.75'',291,87.5,7' 3.5'',109,9' 1'',2002,-1,-1
12043,Lenny,Cooke,Lenny Cooke,SG-SF,77.5,6' 5.5'',214,85,7' 1'',107,8' 11'',2002,-1,-1
12044,Craig,Dawson,Craig Dawson,SG-SF,75.5,6' 3.5'',200,78.25,6' 6.25'',102,8' 6'',2002,-1,-1
2399,Mike,Dunleavy,Mike Dunleavy,SF,80,6' 8'',230,81,6' 9'',106,8' 10'',2002,1,3
12045,Teddy,Dupay,Teddy Dupay,PG,69.5,5' 9.5'',178,70.75,5' 10.75'',90.5,7' 6.5'',2002,-1,-1
2451,Corsley,Edwards,Corsley Edwards,PF,79.25,6' 7.25'',285,82.75,6' 10.75'',106.5,8' 10.5'',2002,2,57
12046,Andy,Ellis,Andy Ellis,PF,81.25,6' 9.25'',220,82.25,6' 10.25'',102,8' 6'',2002,-1,-1
2408,Melvin,Ely,Melvin Ely,PF,81,6' 9'',240,88,7' 4'',111,9' 3'',2002,1,12
2501,Reggie,Evans,Reggie Evans,PF,79.5,6' 7.5'',250,86.5,7' 2.5'',107.5,8' 11.5'',2002,-1,-1
2400,Drew,Gooden,Drew Gooden,PF,80.75,6' 8.75'',227,84.5,7' 0.5'',106.5,8' 10.5'',2002,1,4
12066,David,Graves,David Graves,SG,76.5,6' 4.5'',212,79,6' 7'',101,8' 5'',2002,-1,-1
2696,Lynn,Greer,Lynn Greer,PG,72.25,6' 0.25'',170,73,6' 1'',94.5,7' 10.5'',2002,-1,-1
12067,Rod,Grizzard,Rod Grizzard,SF-SG,78,6' 6'',193,84,7' 0'',107,8' 11'',2002,2,38
101219,Anthony,Grundy,Anthony Grundy,PG-SG,72.75,6' 0.75'',167,79.75,6' 7.75'',99,8' 3'',2002,-1,-1
2409,Marcus,Haislip,Marcus Haislip,PF,80.5,6' 8.5'',221,84,7' 0'',107,8' 11'',2002,1,13
12068,Damon,Hancock,Damon Hancock,SG-PG,74.75,6' 2.75'',203,78,6' 6'',99.5,8' 3.5'',2002,-1,-1
12069,Greg,Harrington,Greg Harrington,PG,73,6' 1'',183,75.75,6' 3.75'',97,8' 1'',2002,-1,-1
2617,Udonis,Haslem,Udonis Haslem,PF,79.75,6' 7.75'',250,83,6' 11'',107,8' 11'',2002,-1,-1
12070,Cordell,Henry,Cordell Henry,PG,68,5' 8'',155,73,6' 1'',92,7' 8'',2002,-1,-1
2450,Randy,Holcomb,Randy Holcomb,SF-PF,79,6' 7'',225,85,7' 1'',105,8' 9'',2002,2,56
2415,Ryan,Humphrey,Ryan Humphrey,PF-SF,78,6' 6'',223,84,7' 0'',104.5,8' 8.5'',2002,1,19
2407,Jared,Jeffries,Jared Jeffries,PF,82,6' 10'',230,84.5,7' 0.5'',109,9' 1'',2002,1,11
12049,Jason,Jennings,Jason Jennings,C,83.25,6' 11.25'',249,91,7' 7'',111,9' 3'',2002,2,42
2410,Fred,Jones,Fred Jones,SG,74.25,6' 2.25'',218,84,7' 0'',100,8' 4'',2002,1,14
2495,Lonnie,Jones,Lonnie Jones,C-PF,82.25,6' 10.25'',230,86.25,7' 2.25'',112,9' 4'',2002,-1,-1
2435,Mario,Kasun,Mario Kasun,C,83.75,6' 11.75'',260,83.5,6' 11.5'',109,9' 1'',2002,2,40
12050,Sean,Kennedy,Sean Kennedy,PG,72.75,6' 0.75'',182,74.5,6' 2.5'',96,8' 0'',2002,-1,-1
12051,Kris,Lang,Kris Lang,C-PF,81.25,6' 9.25'',242,83.75,6' 11.75'',109,9' 1'',2002,-1,-1
12052,Muhammed,Lasege,Muhammed Lasege,C-PF,80.75,6' 8.75'',228,86,7' 2'',108.5,9' 0.5'',2002,-1,-1
12053,Steve,Logan,Steve Logan,PG,70,5' 10'',207,71.75,5' 11.75'',92.5,7' 8.5'',2002,2,29
2677,Kevin,Lyde,Kevin Lyde,C-PF,80.75,6' 8.75'',278,86,7' 2'',109.5,9' 1.5'',2002,-1,-1
2432,Tito,Maddox,Tito Maddox,PG,75,6' 3'',200,77,6' 5'',99,8' 3'',2002,2,37
12054,Kei,Madison,Kei Madison,SF,79.75,6' 7.75'',216,84.5,7' 0.5'',107,8' 11'',2002,-1,-1
12055,Immanuel,McElroy,Immanuel McElroy,SG,74.25,6' 2.25'',191,78.5,6' 6.5'',100,8' 4'',2002,-1,-1
12056,Aaron,McGhee,Aaron McGhee,PF-SF,79,6' 7'',255,82,6' 10'',105.5,8' 9.5'',2002,-1,-1
12057,Elvin,Mims,Elvin Mims,SF-SG,76.25,6' 4.25'',211,85.5,7' 1.5'',105.5,8' 9.5'',2002,-1,-1
12058,Byron,Mouton,Byron Mouton,SG-SF,76.5,6' 4.5'',213,82.25,6' 10.25'',102,8' 6'',2002,-1,-1
2436,Ronald,Murray,Ronald Murray,SG,75,6' 3'',197,79.5,6' 7.5'',100.5,8' 4.5'',2002,-1,-1
12059,Uche,Okafor,Uche Okafor,PF-C,81,6' 9'',229,89.5,7' 5.5'',112,9' 4'',2002,-1,-1
2442,Chris,Owens,Chris Owens,PF-SF,79,6' 7'',237,83.5,6' 11.5'',104,8' 8'',2002,2,47
2457,Jannero,Pargo,Jannero Pargo,PG,72.25,6' 0.25'',168,74.5,6' 2.5'',96,8' 0'',2002,-1,-1
2470,Smush,Parker,Smush Parker,PG-SG,74.5,6' 2.5'',179,82,6' 10'',107.5,8' 11.5'',2002,-1,-1
2458,Luke,Recker,Luke Recker,SG-SF,76.75,6' 4.75'',198,79,6' 7'',101,8' 5'',2002,-1,-1
12061,Rolan,Roberts,Rolan Roberts,PF,77.75,6' 5.75'',241,85,7' 1'',105.5,8' 9.5'',2002,-1,-1
12062,Travis,Robinson,Travis Robinson,SF,77.25,6' 5.25'',211,82.5,6' 10.5'',104.5,8' 8.5'',2002,-1,-1
2416,Kareem,Rush,Kareem Rush,SG-SF,76.75,6' 4.75'',199,81.75,6' 9.75'',103.5,8' 7.5'',2002,1,20
12063,Brooks,Sales,Brooks Sales,PF-C,81,6' 9'',232,82,6' 10'',108,9' 0'',2002,-1,-1
2422,John,Salmons,John Salmons,SF-SG,77.5,6' 5.5'',207,82.25,6' 10.25'',104,8' 8'',2002,1,26
2453,Predrag,Savovic,Predrag Savovic,SG,76.75,6' 4.75'',212,79,6' 7'',102,8' 6'',2002,-1,-1
201324,Julian,Sensley,Julian Sensley,PF-SF,79,6' 7'',228,83.5,6' 11.5'',105.5,8' 9.5'',2002,-1,-1
12064,Israel,Sheinfeld,Israel Sheinfeld,PF-C,80.25,6' 8.25'',239,81.75,6' 9.75'',106.5,8' 10.5'',2002,-1,-1
12065,Preston,Shumpert,Preston Shumpert,SF,78,6' 6'',197,80.5,6' 8.5'',103.5,8' 7.5'',2002,-1,-1
2447,Tamar,Slay,Tamar Slay,SF,78.75,6' 6.75'',203,83.5,6' 11.5'',104,8' 8'',2002,2,53
2443,Darius,Songaila,Darius Songaila,PF,80,6' 8'',240,85,7' 1'',108.5,9' 0.5'',2002,2,49
2405,Amar'e,Stoudemire,Amar'e Stoudemire,PF,80.5,6' 8.5'',233,85.75,7' 1.75'',108.5,9' 0.5'',2002,1,9
2445,Marcus,Taylor,Marcus Taylor,PG,73,6' 1'',181,76.5,6' 4.5'',98.5,8' 2.5'',2002,2,51
12297,Jobey,Thomas,Jobey Thomas,SG,74.75,6' 2.75'',183,77.75,6' 5.75'',99.5,8' 3.5'',2002,-1,-1
2402,Dajuan,Wagner,Dajuan Wagner,PG-SG,72.75,6' 0.75'',193,74,6' 2'',99,8' 3'',2002,1,6
2404,Chris,Wilcox,Chris Wilcox,PF-C,80.25,6' 8.25'',218,85,7' 1'',107.5,8' 11.5'',2002,1,8
2421,Frank,Williams,Frank Williams,PG,73.5,6' 1.5'',212,80,6' 8'',100.5,8' 4.5'',2002,1,25
2465,George,Williams,George Williams,PF-SF,77.75,6' 5.75'',214,84.5,7' 0.5'',103,8' 7'',2002,-1,-1
2398,Jay,Williams,Jay Williams,PG,72.25,6' 0.25'',197,75.5,6' 3.5'',97,8' 1'',2002,1,2
2417,Qyntel,Woods,Qyntel Woods,SF-SG,79,6' 7'',213,82,6' 10'',105,8' 9'',2002,1,21
2428,Vincent,Yarbrough,Vincent Yarbrough,SF,77.5,6' 5.5'',202,84.5,7' 0.5'',104.5,8' 8.5'',2002,2,32
200995,Aloysius,Anagonye,Aloysius Anagonye,PF,78.75,6' 6.75'',257,86.5,7' 2.5'',106,8' 10'',2003,-1,-1
12072,Rick,Anderson,Rick Anderson,SF-PF,80.25,6' 8.25'',216,83,6' 11'',106.5,8' 10.5'',2003,-1,-1
2546,Carmelo,Anthony,Carmelo Anthony,SF,78.25,6' 6.25'',233,84,7' 0'',105.5,8' 9.5'',2003,1,3
2602,Jerome,Beasley,Jerome Beasley,SF-PF,81,6' 9'',237,84.5,7' 0.5'',107,8' 11'',2003,2,33
2559,Troy,Bell,Troy Bell,PG,72.25,6' 0.25'',178,77,6' 5'',97.5,8' 1.5'',2003,1,16
12073,LaVell,Blanchard,LaVell Blanchard,SF,78,6' 6'',205,78,6' 6'',101.5,8' 5.5'',2003,-1,-1
2586,Keith,Bogans,Keith Bogans,SG,76.25,6' 4.25'',213,81.25,6' 9.25'',101,8' 5'',2003,2,43
2588,Matt,Bonner,Matt Bonner,PF-SF,80.5,6' 8.5'',242,80.75,6' 8.75'',105.5,8' 9.5'',2003,2,45
2547,Chris,Bosh,Chris Bosh,PF,82.25,6' 10.25'',225,87.5,7' 3.5'',109,9' 1'',2003,1,4
2651,Jermaine,Boyette,Jermaine Boyette,PG-SG,73,6' 1'',187,76,6' 4'',96,8' 0'',2003,-1,-1
12295,Souleymane,Camara,Souleymane Camara,PF-SF,81.75,6' 9.75'',211,86.25,7' 2.25'',109,9' 1'',2003,-1,-1
2679,Matt,Carroll,Matt Carroll,SG-SF,77,6' 5'',207,78.5,6' 6.5'',98.5,8' 2.5'',2003,-1,-1
2555,Nick,Collison,Nick Collison,PF,80.75,6' 8.75'',255,85.5,7' 1.5'',108,9' 0'',2003,1,12
2567,Brian,Cook,Brian Cook,PF-SF,81.5,6' 9.5'',234,86,7' 2'',109,9' 1'',2003,1,24
12074,Joel,Cornette,Joel Cornette,PF-SF,80.25,6' 8.25'',239,81.25,6' 9.25'',105.5,8' 9.5'',2003,-1,-1
2605,Marquis,Daniels,Marquis Daniels,SG-PG,77.25,6' 5.25'',198,82,6' 10'',103.5,8' 7.5'',2003,-1,-1
12075,Aleksander,Djuric,Aleksander Djuric,C-PF,82,6' 10'',253,84,7' 0'',108,9' 0'',2003,-1,-1
12076,Ruben,Douglas,Ruben Douglas,SG,75.5,6' 3.5'',193,79.25,6' 7.25'',100.5,8' 4.5'',2003,-1,-1
2648,Ronald,Dupree,Ronald Dupree,SF-SG,78,6' 6'',209,80.25,6' 8.25'',101,8' 5'',2003,-1,-1
2606,Carl,English,Carl English,SG-PG,76,6' 4'',201,77.25,6' 5.25'',98.5,8' 2.5'',2003,-1,-1
12077,Ebi,Ere,Ebi Ere,SG,75.5,6' 3.5'',210,82.5,6' 10.5'',102,8' 6'',2003,-1,-1
12078,Marquis,Estill,Marquis Estill,PF-C,80.5,6' 8.5'',257,88,7' 4'',108,9' 0'',2003,-1,-1
2551,T.J.,Ford,T.J. Ford,PG,71,5' 11'',162,71.5,5' 11.5'',93.5,7' 9.5'',2003,1,8
12079,Jason,Gardner,Jason Gardner,PG,69.75,5' 9.75'',194,73,6' 1'',92,7' 8'',2003,-1,-1
2584,Willie,Green,Willie Green,SG-PG,74.5,6' 2.5'',201,79.25,6' 7.25'',100,8' 4'',2003,2,41
12080,Justin,Hamilton,Justin Hamilton,PG-SG,75,6' 3'',217,83,6' 11'',103,8' 7'',2003,2,45
2580,Travis,Hansen,Travis Hansen,SG,76.5,6' 4.5'',200,78.5,6' 6.5'',100.5,8' 4.5'',2003,2,37
12081,Trevor,Harvey,Trevor Harvey,C-PF,81.5,6' 9.5'',245,85,7' 1'',109.5,9' 1.5'',2003,-1,-1
2618,Marcus,Hatten,Marcus Hatten,PG,72.75,6' 0.75'',163,78.25,6' 6.25'',98,8' 2'',2003,-1,-1
2550,Kirk,Hinrich,Kirk Hinrich,PG-SG,74.75,6' 2.75'',186,78,6' 6'',98.5,8' 2.5'',2003,1,7
12082,Jerry,Holman,Jerry Holman,PF,80.75,6' 8.75'',232,87.25,7' 3.25'',109.5,9' 1.5'',2003,-1,-1
12083,Sam,Hoskin,Sam Hoskin,PF,79.25,6' 7.25'',261,82.75,6' 10.75'',107.5,8' 11.5'',2003,-1,-1
2572,Josh,Howard,Josh Howard,SF-SG,77.25,6' 5.25'',202,86,7' 2'',105.5,8' 9.5'',2003,1,29
2599,Brandon,Hunter,Brandon Hunter,PF,78.5,6' 6.5'',266,86.75,7' 2.75'',105.5,8' 9.5'',2003,2,56
12084,Sani,Ibrahim,Sani Ibrahim,C-PF,80.5,6' 8.5'',229,85,7' 1'',109.5,9' 1.5'',2003,-1,-1
12085,Michael,Ignerski,Michael Ignerski,PF-SF,81.5,6' 9.5'',232,82.75,6' 10.75'',107,8' 11'',2003,-1,-1
12086,Robert,Jackson,Robert Jackson,PF-C,79.75,6' 7.75'',254,84,7' 0'',107.5,8' 11.5'',2003,-1,-1
2639,Britton,Johnsen,Britton Johnsen,SF-PF,82,6' 10'',212,82.75,6' 10.75'',107.5,8' 11.5'',2003,-1,-1
2592,James,Jones,James Jones,SF,79.25,6' 7.25'',218,86.5,7' 2.5'',107.5,8' 11.5'',2003,2,49
2563,Dahntay,Jones,Dahntay Jones,SG-SF,76.75,6' 4.75'',214,81,6' 9'',102.5,8' 6.5'',2003,1,20
2549,Chris,Kaman,Chris Kaman,C-PF,83.5,6' 11.5'',252,83.75,6' 11.75'',110.5,9' 2.5'',2003,1,6
2574,Jason,Kapono,Jason Kapono,SG-SF,78.5,6' 6.5'',215,78.5,6' 6.5'',102,8' 6'',2003,2,31
12087,Jason,Keep,Jason Keep,C-PF,81.75,6' 9.75'',270,84.5,7' 0.5'',106.5,8' 10.5'',2003,-1,-1
12088,Bernard,King,Bernard King,SG-PG,75.75,6' 3.75'',200,77.5,6' 5.5'',98.5,8' 2.5'',2003,-1,-1
2688,Brandin,Knight,Brandin Knight,PG,71.75,5' 11.75'',190,78,6' 6'',95.5,7' 11.5'',2003,-1,-1
2594,Kyle,Korver,Kyle Korver,SF,78.25,6' 6.25'',211,81.5,6' 9.5'',102.5,8' 6.5'',2003,2,51
2591,James,Lang,James Lang,C-PF,80.25,6' 8.25'',316,90.25,7' 6.25'',110,9' 2'',2003,2,48
12089,Donald,Little,Donald Little,PF-C,81.5,6' 9.5'',229,87,7' 3'',97,8' 1'',2003,-1,-1
2658,Chris,Marcus,Chris Marcus,C,84,7' 0'',334,92,7' 8'',114,9' 6'',2003,-1,-1
12090,Chris,Massie,Chris Massie,PF-C,78.5,6' 6.5'',259,85,7' 1'',106.5,8' 10.5'',2003,-1,-1
12091,Will,McDonald,Will McDonald,C-PF,81.5,6' 9.5'',258,87.5,7' 3.5'',109.5,9' 1.5'',2003,-1,-1
2545,Darko,Milicic,Darko Milicic,PF,83.5,6' 11.5'',250,89,7' 5'',111.5,9' 3.5'',2003,1,2
12092,Jeff,Newton,Jeff Newton,PF,80,6' 8'',199,85,7' 1'',106,8' 10'',2003,-1,-1
12093,Uche,Nsonwu-Amadi,Uche Nsonwu-Amadi,PF-C,79.75,6' 7.75'',246,87.75,7' 3.75'',106.5,8' 10.5'',2003,-1,-1
12094,Ugonna,Okyekwe,Ugonna Okyekwe,SF,79.25,6' 7.25'',228,87,7' 3'',109,9' 1'',2003,-1,-1
101248,Marlon,Parmer,Marlon Parmer,PG,72.75,6' 0.75'',184,75.5,6' 3.5'',97,8' 1'',2003,-1,-1
12095,Stephane,Pelle,Stephane Pelle,PF-SF,79,6' 7'',246,86,7' 2'',107,8' 11'',2003,-1,-1
2632,Kirk,Penney,Kirk Penney,SG-SF,77,6' 5'',218,77.25,6' 5.25'',97,8' 1'',2003,-1,-1
2750,Pavel,Podkolzin,Pavel Podkolzin,C,87.5,7' 3.5'',303,89.75,7' 5.75'',116,9' 8'',2003,1,21
2694,Josh,Powell,Josh Powell,PF-SF,80,6' 8'',227,85,7' 1'',107.5,8' 11.5'',2003,-1,-1
12096,Hollis,Price,Hollis Price,PG-SG,71.5,5' 11.5'',165,76.5,6' 4.5'',94.5,7' 10.5'',2003,-1,-1
2557,Luke,Ridnour,Luke Ridnour,PG,73,6' 1'',167,75,6' 3'',95.5,7' 11.5'',2003,1,14
12097,Joe,Shipp,Joe Shipp,SG,76,6' 4'',224,82,6' 10'',103,8' 7'',2003,-1,-1
12098,Ron,Slay,Ron Slay,SF-PF,78,6' 6'',236,82,6' 10'',103.5,8' 7.5'',2003,-1,-1
2604,Theron,Smith,Theron Smith,PF-SF,78.5,6' 6.5'',234,82.25,6' 10.25'',104.5,8' 8.5'',2003,-1,-1
2596,Tommy,Smith,Tommy Smith,PF-SF,81,6' 9'',200,86.5,7' 2.5'',107.5,8' 11.5'',2003,2,53
12099,Marvin,Stone,Marvin Stone,C-PF,81.5,6' 9.5'',261,87.5,7' 3.5'',109.5,9' 1.5'',2003,-1,-1
2552,Michael,Sweetney,Michael Sweetney,PF,79.25,6' 7.25'',262,85,7' 1'',107.5,8' 11.5'',2003,1,9
2756,Sasha,Vujacic,Sasha Vujacic,PG-SG,77.5,6' 5.5'',193,77.5,6' 5.5'',101,8' 5'',2003,1,27
2548,Dwyane,Wade,Dwyane Wade,SG-SF,75.75,6' 3.75'',212,82.75,6' 10.75'',102,8' 6'',2003,1,5
12101,Wayne,Wallace,Wayne Wallace,PF,79.25,6' 7.25'',187,86,7' 2'',108,9' 0'',2003,-1,-1
2575,Luke,Walton,Luke Walton,SF-PF,79.75,6' 7.75'',235,80.5,6' 8.5'',104,8' 8'',2003,2,32
2561,David,West,David West,PF-SF,80.25,6' 8.25'',226,88.25,7' 4.25'',108.25,9' 0.25'',2003,1,18
2590,Mo,Williams,Mo Williams,PG-SG,72.75,6' 0.75'',189,77.5,6' 5.5'',98.5,8' 2.5'',2003,2,47
12102,Wesley,Wilson,Wesley Wilson,C-PF,82.25,6' 10.25'',257,87,7' 3'',110.5,9' 2.5'',2003,-1,-1
12103,Doug,Wrenn,Doug Wrenn,SF-PF,77.75,6' 5.75'',220,91.5,7' 7.5'',100.5,8' 4.5'',2003,-1,-1
2583,Derrick,Zimmerman,Derrick Zimmerman,PG,73,6' 1'',190,81,6' 9'',96.25,8' .25'',2003,2,40
2754,Tony,Allen,Tony Allen,SG,75.5,6' 3.5'',214,81,6' 9'',102,8' 6'',2004,1,25
2772,Trevor,Ariza,Trevor Ariza,SG-SF,79,6' 7'',201,86,7' 2'',107.5,8' 11.5'',2004,2,43
2857,Andre,Barrett,Andre Barrett,PG,68.75,5' 8.75'',171,73,6' 1'',92,7' 8'',2004,-1,-1
101138,Brandon,Bass,Brandon Bass,PF,78.25,6' 6.25'',246,86.5,7' 2.5'',106.5,8' 10.5'',2004,2,33
2800,Tony,Bobbitt,Tony Bobbitt,SG,74.75,6' 2.75'',185,79,6' 7'',100,8' 4'',2004,-1,-1
12173,Brian,Boddicker,Brian Boddicker,SF-PF,79.5,6' 7.5'',230,82,6' 10'',105.5,8' 9.5'',2004,-1,-1
12174,Tim,Bowers,Tim Bowers,PG-SG,72.5,6' 0.5'',181,81,6' 9'',98,8' 2'',2004,-1,-1
2810,Andre,Brown,Andre Brown,PF-C,80,6' 8'',236,83,6' 11'',107,8' 11'',2004,-1,-1
2766,Antonio,Burks,Antonio Burks,PG,72,6' 0'',191,78.5,6' 6.5'',96.5,8' 0.5'',2004,2,36
2866,Jackie,Butler,Jackie Butler,C,80,6' 8'',263,85.5,7' 1.5'',109,9' 1'',2004,-1,-1
12175,Aleksandar,Capin,Aleksandar Capin,PG,72,6' 0'',176,73.5,6' 1.5'',94,7' 10'',2004,-1,-1
12176,Ales,Chan,Ales Chan,C,84,7' 0'',255,87,7' 3'',113,9' 5'',2004,-1,-1
2735,Josh,Childress,Josh Childress,SG-SF,77.75,6' 5.75'',196,83,6' 11'',105,8' 9'',2004,1,6
200555,TJ,Cummings,TJ Cummings,SF,79.5,6' 7.5'',215,81.5,6' 9.5'',106.5,8' 10.5'',2004,-1,-1
2845,Erik,Daniels,Erik Daniels,SF-PF,78.25,6' 6.25'',223,83,6' 11'',106,8' 10'',2004,-1,-1
2736,Luol,Deng,Luol Deng,SF,79,6' 7'',220,84.5,7' 0.5'',108.5,9' 0.5'',2004,1,7
12177,Marcus,Douthit,Marcus Douthit,C-PF,81.5,6' 9.5'',223,88,7' 4'',111.5,9' 3.5'',2004,2,56
2768,Chris,Duhon,Chris Duhon,PG,72,6' 0'',193,78.5,6' 6.5'',98,8' 2'',2004,2,38
2823,John,Edwards,John Edwards,C,83.25,6' 11.25'',264,88.5,7' 4.5'',113,9' 5'',2004,-1,-1
2824,Desmon,Farmer,Desmon Farmer,SG,76.5,6' 4.5'',214,80.5,6' 8.5'',103,8' 7'',2004,-1,-1
2784,Luis,Flores,Luis Flores,PG-SG,72.5,6' 0.5'',202,79.5,6' 7.5'',98.5,8' 2.5'',2004,2,55
2782,Matt,Freije,Matt Freije,SF-PF,80.25,6' 8.25'',234,85,7' 1'',108.5,9' 0.5'',2004,2,53
12178,Chris,Garnett,Chris Garnett,C-PF,80.25,6' 8.25'',260,85,7' 1'',108,9' 0'',2004,-1,-1
101155,Ryan,Gomes,Ryan Gomes,SF-PF,78.5,6' 6.5'',248,86,7' 2'',106.5,8' 10.5'',2004,2,50
2732,Ben,Gordon,Ben Gordon,PG-SG,73,6' 1'',192,80.5,6' 8.5'',99,8' 3'',2004,1,3
2734,Devin,Harris,Devin Harris,PG,73.75,6' 1.75'',170,79.5,6' 7.5'',98.5,8' 2.5'',2004,1,5
2730,Dwight,Howard,Dwight Howard,PF-C,81,6' 9'',240,88.5,7' 4.5'',111.5,9' 3.5'',2004,1,1
12179,Rolando,Howell,Rolando Howell,PF,79.5,6' 7.5'',229,84.5,7' 0.5'',107,8' 11'',2004,-1,-1
2743,Kris,Humphries,Kris Humphries,PF,80.25,6' 8.25'',238,84.5,7' 0.5'',106.5,8' 10.5'',2004,1,14
2738,Andre,Iguodala,Andre Iguodala,SG-SF,77.75,6' 5.75'',217,83,6' 11'',105.5,8' 9.5'',2004,1,9
12180,Martin,Iti,Martin Iti,C-PF,80.5,6' 8.5'',233,89,7' 5'',111.5,9' 3.5'',2004,-1,-1
2739,Luke,Jackson,Luke Jackson,SF-SG,78,6' 6'',212,80.5,6' 8.5'',103,8' 7'',2004,1,10
2744,Al,Jefferson,Al Jefferson,PF-SF,80.5,6' 8.5'',263,86.5,7' 2.5'',110,9' 2'',2004,1,15
2865,Arthur,Johnson,Arthur Johnson,PF-C,79,6' 7'',262,87,7' 3'',109,9' 1'',2004,-1,-1
12181,Ivan,Koljevic,Ivan Koljevic,PG,73,6' 1'',172,74.5,6' 2.5'',95,7' 11'',2004,-1,-1
2733,Shaun,Livingston,Shaun Livingston,PG-SG,78.25,6' 6.25'',186,83,6' 11'',105.5,8' 9.5'',2004,1,4
12184,Jaime,Lloreda,Jaime Lloreda,PF,78.75,6' 6.75'',247,81.5,6' 9.5'',107,8' 11'',2004,-1,-1
12000,Bryant,Matthews,Bryant Matthews,SF-SG,77.75,6' 5.75'',206,84.5,7' 0.5'',105.5,8' 9.5'',2004,-1,-1
12001,Marcus,Melvin,Marcus Melvin,SF-PF,78.75,6' 6.75'',241,84,7' 0'',105.5,8' 9.5'',2004,-1,-1
2822,Rich,Melzer,Rich Melzer,PF-SF,79.5,6' 7.5'',229,86,7' 2'',107,8' 11'',2004,-1,-1
2777,Ricky,Minard,Ricky Minard,PG-SG,75.25,6' 3.25'',198,79,6' 7'',101.5,8' 5.5'',2004,2,48
12002,James,Moore,James Moore,PF-SF,78.5,6' 6.5'',198,84.5,7' 0.5'',107,8' 11'',2004,-1,-1
12003,Marcus,Moore,Marcus Moore,PG-SG,76,6' 4'',202,81,6' 9'',101.5,8' 5.5'',2004,-1,-1
12004,Michel,Morandais,Michel Morandais,SG-SF,75.75,6' 3.75'',205,83.5,6' 11.5'',102,8' 6'',2004,-1,-1
2749,Jameer,Nelson,Jameer Nelson,PG,71,5' 11'',199,74.5,6' 2.5'',95,7' 11'',2004,1,20
12005,Misan,Nikagbatse,Misan Nikagbatse,SG-PG,75.5,6' 3.5'',223,82,6' 10'',102,8' 6'',2004,-1,-1
2731,Emeka,Okafor,Emeka Okafor,C-PF,80.75,6' 8.75'',257,88,7' 4'',110.5,9' 2.5'',2004,1,2
12006,Randall,Orr,Randall Orr,PF-SF,81,6' 9'',193,82.5,6' 10.5'',107.5,8' 11.5'',2004,-1,-1
12007,Dylan,Page,Dylan Page,SF,79.5,6' 7.5'',239,79,6' 7'',105,8' 9'',2004,-1,-1
12008,Rickey,Paulding,Rickey Paulding,SG,74.75,6' 2.75'',210,81.5,6' 9.5'',101.5,8' 5.5'',2004,2,54
12009,Kelvin,Pena,Kelvin Pena,SG-PG,74.25,6' 2.25'',182,78.5,6' 6.5'',99.5,8' 3.5'',2004,-1,-1
12010,Omar,Quintero,Omar Quintero,PG,69.75,5' 9.75'',170,71.5,5' 11.5'',92.5,7' 8.5'',2004,-1,-1
2762,Peter,Ramos,Peter Ramos,C,85.75,7' 1.75'',266,89.5,7' 5.5'',111.5,9' 3.5'',2004,-1,-1
2876,Jared,Reiner,Jared Reiner,C-PF,82,6' 10'',246,84.5,7' 0.5'',109,9' 1'',2004,-1,-1
101160,Lawrence,Roberts,Lawrence Roberts,PF,79.5,6' 7.5'',233,81.5,6' 9.5'',106.5,8' 10.5'',2004,2,55
2774,Bernard,Robinson,Bernard Robinson,SG-SF,77.25,6' 5.25'',208,82,6' 10'',102,8' 6'',2004,2,45
101126,Nate,Robinson,Nate Robinson,PG,67.75,5' 7.75'',181,73,6' 1'',91.5,7' 7.5'',2004,1,21
12011,Aerick,Sanders,Aerick Sanders,PF,78.5,6' 6.5'',205,83.5,6' 11.5'',106,8' 10'',2004,-1,-1
2781,Romain,Sato,Romain Sato,SG,74,6' 2'',204,83,6' 11'',102.5,8' 6.5'',2004,2,52
12012,Blagota,Sekulic,Blagota Sekulic,SF-PF,81.25,6' 9.25'',234,83,6' 11'',107,8' 11'',2004,-1,-1
2746,Josh,Smith,Josh Smith,SG-SF,79,6' 7'',221,84,7' 0'',106.5,8' 10.5'',2004,1,17
2747,J.R.,Smith,J.R. Smith,SG-SF,77.5,6' 5.5'',227,82,6' 10'',104,8' 8'',2004,-1,-1
2745,Kirk,Snyder,Kirk Snyder,SG-SF,78,6' 6'',228,81,6' 9'',104,8' 8'',2004,1,16
2776,Pape,Sow,Pape Sow,PF-C,80.5,6' 8.5'',233,86,7' 2'',108.5,9' 0.5'',2004,2,47
12014,Tiago,Splitter,Tiago Splitter,C-PF,82.25,6' 10.25'',233,86,7' 2'',109.5,9' 1.5'',2004,1,28
12016,Tom,Timmerrmans,Tom Timmerrmans,PF-C,82.5,6' 10.5'',272,83,6' 11'',107.5,8' 11.5'',2004,-1,-1
12296,Marko,Tomas,Marko Tomas,SG-PG,78.5,6' 6.5'',198,79,6' 7'',103.5,8' 7.5'',2004,-1,-1
2757,Beno,Udrih,Beno Udrih,PG,74.5,6' 2.5'',199,76.5,6' 4.5'',98,8' 2'',2004,1,28
2761,Jackson,Vroman,Jackson Vroman,PF-C,81.25,6' 9.25'',226,84,7' 0'',105.5,8' 9.5'',2004,2,31
2753,Delonte,West,Delonte West,PG-SG,73.5,6' 1.5'',183,78,6' 6'',99.5,8' 3.5'',2004,1,24
2863,Damien,Wilkins,Damien Wilkins,SG-SF,76.5,6' 4.5'',222,84,7' 0'',106,8' 10'',2004,-1,-1
12292,Mike,Williams,Mike Williams,SF,77.5,6' 5.5'',197,83.5,6' 11.5'',105.5,8' 9.5'',2004,-1,-1
12293,Nate,Williams,Nate Williams,PF-SF,80.5,6' 8.5'',240,85.5,7' 1.5'',109.5,9' 1.5'',2004,-1,-1
12294,Rashad,Wright,Rashad Wright,PG,72.5,6' 0.5'',190,82,6' 10'',98.5,8' 2.5'',2004,2,59
101165,Alex,Acker,Alex Acker,SG,75.75,6' 3.75'',183,84,7' 0'',102.5,8' 6.5'',2005,2,60
101224,Deji,Akindele,Deji Akindele,C-PF,81.5,6' 9.5'',236.4,87,7' 3'',108.5,9' 0.5'',2005,-1,-1
12104,Nemanja,Aleksandrov,Nemanja Aleksandrov,PF-SF,82,6' 10'',220.6,83,6' 11'',110,9' 2'',2005,-1,-1
101187,Alan,Anderson,Alan Anderson,SG-SF,76.5,6' 4.5'',223.2,81.5,6' 9.5'',104,8' 8'',2005,-1,-1
101149,Martynas,Andriuskevicius,Martynas Andriuskevicius,C-PF,85.25,7' 1.25'',227.8,83.25,6' 11.25'',112.5,9' 4.5'',2005,2,44
101252,Sean,Banks,Sean Banks,SF,77.75,6' 5.75'',206.4,85,7' 1'',108,9' 0'',2005,-1,-1
101188,Eddie,Basden,Eddie Basden,SG-SF,76.25,6' 4.25'',210,82.25,6' 10.25'',101,8' 5'',2005,-1,-1
12105,Mike,Bell,Mike Bell,SF-PF,80.75,6' 8.75'',206.2,85.5,7' 1.5'',104.5,8' 8.5'',2005,-1,-1
101106,Andrew,Bogut,Andrew Bogut,C-PF,83,6' 11'',250.6,87,7' 3'',110.5,9' 2.5'',2005,1,1
101198,Will,Bynum,Will Bynum,PG-SG,70.5,5' 10.5'',188.8,75.5,6' 3.5'',93,7' 9'',2005,-1,-1
12106,Marcus,Campbell,Marcus Campbell,C,82.25,6' 10.25'',280.4,90,7' 6'',114,9' 6'',2005,-1,-1
101215,Will,Conroy,Will Conroy,PG,73,6' 1'',188.6,75,6' 3'',96.5,8' 0.5'',2005,-1,-1
12107,Taylor,Coppenrath,Taylor Coppenrath,PF-SF,79.75,6' 7.75'',252.4,83.5,6' 11.5'',106.5,8' 10.5'',2005,-1,-1
101143,Travis,Diener,Travis Diener,PG-SG,71.75,5' 11.75'',165.2,71.75,5' 11.75'',93.5,7' 9.5'',2005,2,38
101113,Ike,Diogu,Ike Diogu,PF,78.5,6' 6.5'',255.4,87.5,7' 3.5'',109,9' 1'',2005,1,9
12108,Daryl,Dorsey,Daryl Dorsey,PG,71.25,5' 11.25'',160.8,71.5,5' 11.5'',94,7' 10'',2005,-1,-1
101145,Monta,Ellis,Monta Ellis,SG-PG,74.25,6' 2.25'',176.6,74.75,6' 2.75'',98,8' 2'',2005,2,40
101109,Raymond,Felton,Raymond Felton,PG,71.5,5' 11.5'',199.4,76.25,6' 4.25'',98,8' 2'',2005,1,5
201164,Rudy,Fernandez,Rudy Fernandez,SG,76.75,6' 4.75'',172,79.5,6' 7.5'',101.5,8' 5.5'',2005,1,24
12109,D'Or,Fischer,D'Or Fischer,C-PF,81.25,6' 9.25'',242.4,90,7' 6'',110.5,9' 2.5'',2005,-1,-1
12110,Eddy,Fobbs,Eddy Fobbs,C-PF,82.25,6' 10.25'',235.2,90.75,7' 6.75'',111.5,9' 3.5'',2005,-1,-1
101213,Sharrod,Ford,Sharrod Ford,PF,79.25,6' 7.25'',212.8,85.5,7' 1.5'',106,8' 10'',2005,-1,-1
101112,Channing,Frye,Channing Frye,PF-C,81.5,6' 9.5'',243.6,86.5,7' 2.5'',110.5,9' 2.5'',2005,1,8
101184,Deng,Gai,Deng Gai,PF-C,79.75,6' 7.75'',214,88.5,7' 4.5'',110.5,9' 2.5'',2005,-1,-1
101128,Francisco,Garcia,Francisco Garcia,SF-SG,77.75,6' 5.75'',189.6,82.75,6' 10.75'',103,8' 7'',2005,1,23
12111,John,Gilchrist,John Gilchrist,PG,73.25,6' 1.25'',195.2,81.25,6' 9.25'',96.5,8' 0.5'',2005,-1,-1
101162,Marcin,Gortat,Marcin Gortat,PF-C,83,6' 11'',225.2,87.5,7' 3.5'',110,9' 2'',2005,2,57
101121,Joey,Graham,Joey Graham,SF,77.25,6' 5.25'',216.6,80,6' 8'',104,8' 8'',2005,1,16
101122,Danny,Granger,Danny Granger,,79.5,6' 7.5'',225.4,85.5,7' 1.5'',103,8' 7'',2005,1,17
101123,Gerald,Green,Gerald Green,SF,78,6' 6'',192,81.75,6' 9.75'',104,8' 8'',2005,1,18
101236,Charles,Hayes,Charles Hayes,SF-PF,77.5,6' 5.5'',232.4,82,6' 10'',104.5,8' 8.5'',2005,-1,-1
101129,Luther,Head,Luther Head,PG-SG,74,6' 2'',178.8,77.25,6' 5.25'',98.5,8' 2.5'',2005,1,24
101125,Julius,Hodge,Julius Hodge,SG-SF,78,6' 6'',202.2,84.5,7' 0.5'',107.5,8' 11.5'',2005,1,20
12112,Jared,Homan,Jared Homan,C-PF,79.75,6' 7.75'',248.2,85.25,7' 1.25'',104.5,8' 8.5'',2005,-1,-1
101141,Ersan,Ilyasova,Ersan Ilyasova,SF,79.75,6' 7.75'',208.8,85.25,7' 1.25'',109.5,9' 1.5'',2005,2,36
101127,Jarrett,Jack,Jarrett Jack,PG,74.5,6' 2.5'',197.6,79.5,6' 7.5'',100,8' 4'',2005,1,22
101204,Dwayne,Jones,Dwayne Jones,C-PF,80.5,6' 8.5'',242.2,86.75,7' 2.75'',108.5,9' 0.5'',2005,-1,-1
12113,Mindaugas,Katelynas,Mindaugas Katelynas,SF-PF,79.5,6' 7.5'',217,83,6' 11'',105.5,8' 9.5'',2005,-1,-1
201318,Jason,Klotz,Jason Klotz,C-PF,80.5,6' 8.5'',249.4,82,6' 10'',107.5,8' 11.5'',2005,-1,-1
101247,Keith,Langford,Keith Langford,SG-SF,74.25,6' 2.25'',203.2,81,6' 9'',101,8' 5'',2005,-1,-1
101135,David,Lee,David Lee,PF,79.75,6' 7.75'',229.5,84,7' 0'',106.5,8' 10.5'',2005,1,30
12114,David,Lucas,David Lucas,PF,78.5,6' 6.5'',233.4,84,7' 0'',103.5,8' 7.5'',2005,-1,-1
101249,John,Lucas III,John Lucas III,PG,69.25,5' 9.25'',154.4,72,6' 0'',92,7' 8'',2005,-1,-1
101185,Rawle,Marshall,Rawle Marshall,SG-SF,76.5,6' 4.5'',186.6,85,7' 1'',104,8' 8'',2005,-1,-1
101118,Sean,May,Sean May,PF,79,6' 7'',258.8,85.25,7' 1.25'',105,8' 9'',2005,1,13
101119,Rashad,McCants,Rashad McCants,SG,74.75,6' 2.75'',201,82.75,6' 10.75'',103.5,8' 7.5'',2005,1,14
200829,Ivan,McFarlin,Ivan McFarlin,PF,77.5,6' 5.5'',228.6,81,6' 9'',105.5,8' 9.5'',2005,-1,-1
12115,Juan,Mendez,Juan Mendez,PF-SF,77.25,6' 5.25'',231.4,84,7' 0'',106.5,8' 10.5'',2005,-1,-1
101223,Aaron,Miles,Aaron Miles,PG,72,6' 0'',174.6,75.5,6' 3.5'',94,7' 10'',2005,-1,-1
12116,Ellis,Myles,Ellis Myles,PF,78,6' 6'',255.2,81.75,6' 9.75'',105.5,8' 9.5'',2005,-1,-1
12117,Larry,O'Bannon,Larry O'Bannon,SG,75,6' 3'',196,78,6' 6'',99.5,8' 3.5'',2005,-1,-1
12118,Drago,Pasalic,Drago Pasalic,SF-PF,81.5,6' 9.5'',238.8,83.75,6' 11.75'',108.5,9' 0.5'',2005,-1,-1
101108,Chris,Paul,Chris Paul,PG,71.75,5' 11.75'',178,76.25,6' 4.25'',93,7' 9'',2005,1,4
201225,Carlos,Powell,Carlos Powell,SF-PF,77.25,6' 5.25'',221.8,82.75,6' 10.75'',105,8' 9'',2005,-1,-1
101179,Ronnie,Price,Ronnie Price,PG,72.75,6' 0.75'',184.8,77.5,6' 5.5'',96.5,8' 0.5'',2005,-1,-1
101194,Anthony,Roberson,Anthony Roberson,PG,72.75,6' 0.75'',178.8,74.75,6' 2.75'',95,7' 11'',2005,-1,-1
201575,Brandon,Rush,Brandon Rush,SG-SF,77,6' 5'',211.4,83.25,6' 11.25'',104.5,8' 8.5'',2005,1,13
101195,Luke,Schenscher,Luke Schenscher,C,83.75,6' 11.75'',241.6,89,7' 5'',111.5,9' 3.5'',2005,-1,-1
101134,Wayne,Simien,Wayne Simien,PF,79.25,6' 7.25'',255.8,84,7' 0'',107,8' 11'',2005,1,29
12120,Tre,Simmons,Tre Simmons,SG-SF,76,6' 4'',194.2,79.5,6' 7.5'',102.5,8' 6.5'',2005,-1,-1
12121,David,Simon,David Simon,C-PF,80,6' 8'',258.8,87.5,7' 3.5'',108,9' 0'',2005,-1,-1
101147,Chris,Taft,Chris Taft,PF,80.5,6' 8.5'',261,85.75,7' 1.75'',109,9' 1'',2005,2,42
12122,Chris,Thomas,Chris Thomas,PG,71.75,5' 11.75'',176.2,75,6' 3'',95,7' 11'',2005,-1,-1
12119,Omar,Thomas,Omar Thomas,SF-SG,75.25,6' 3.25'',200,80,6' 8'',102,8' 6'',2005,-1,-1
101142,Ronny,Turiaf,Ronny Turiaf,PF,80,6' 8'',237.8,85.5,7' 1.5'',106.5,8' 10.5'',2005,2,37
101111,Charlie,Villanueva,Charlie Villanueva,PF-SF,81,6' 9'',236.6,84.25,7' 0.25'',109,9' 1'',2005,1,7
101124,Hakim,Warrick,Hakim Warrick,PF-SF,79.25,6' 7.25'',215,86,7' 2'',108,9' 0'',2005,1,19
101110,Martell,Webster,Martell Webster,SF,78,6' 6'',229.6,83,6' 11'',106,8' 10'',2005,1,6
101156,Robert,Whaley,Robert Whaley,PF-C,80,6' 8'',269.4,86,7' 2'',108,9' 0'',2005,2,51
101107,Marvin,Williams,Marvin Williams,PF-SF,79,6' 7'',228.2,87.5,7' 3.5'',108,9' 0'',2005,1,2
101114,Deron,Williams,Deron Williams,PG,73.75,6' 1.75'',202.4,78.25,6' 6.25'',98,8' 2'',2005,1,3
101214,Jawad,Williams,Jawad Williams,SF,79,6' 7'',218,85.25,7' 1.25'',106.5,8' 10.5'',2005,-1,-1
101120,Antoine,Wright,Antoine Wright,SF-SG,77.25,6' 5.25'',202.6,80.75,6' 8.75'',104.5,8' 8.5'',2005,1,15
101152,Bracey,Wright,Bracey Wright,SG-PG,73.25,6' 1.25'',186.8,82,6' 10'',100.5,8' 4.5'',2005,2,47
12123,Kenny,Adeleke,Kenny Adeleke,PF-C,78.5,6' 6.5'',250,82.25,6' 10.25'',104,8' 8'',2006,-1,-1
200772,Maurice,Ager,Maurice Ager,SG-PG,75.25,6' 3.25'',203,79.75,6' 7.75'',101.5,8' 5.5'',2006,1,28
200746,LaMarcus,Aldridge,LaMarcus Aldridge,PF-C,82,6' 10'',234,88.75,7' 4.75'',110,9' 2'',2006,1,2
201165,Morris,Almond,Morris Almond,SG-SF,76.75,6' 4.75'',214,82,6' 10'',102.5,8' 6.5'',2006,1,25
200811,Lou,Amundson,Lou Amundson,PF,79.2,6' 7.2'',221,83.5,6' 11.5'',103.5,8' 7.5'',2006,-1,-1
202151,Rashad,Anderson,Rashad Anderson,SG,75.25,6' 3.25'',224,79,6' 7'',100,8' 4'',2006,-1,-1
200756,Hilton,Armstrong,Hilton Armstrong,C-PF,81.5,6' 9.5'',240,88,7' 4'',109,9' 1'',2006,1,12
200788,James,Augustine,James Augustine,PF,80.25,6' 8.25'',227,84.25,7' 0.25'',104,8' 8'',2006,2,41
200764,Renaldo,Balkman,Renaldo Balkman,SF-PF,77.25,6' 5.25'',206,85,7' 1'',104.5,8' 8.5'',2006,1,20
12124,J.P.,Batista,J.P. Batista,PF,79.5,6' 7.5'',265,82,6' 10'',103.5,8' 7.5'',2006,-1,-1
200807,Will,Blalock,Will Blalock,PG,71.25,5' 11.25'',194,78,6' 6'',96.5,8' 0.5'',2006,2,60
200847,Brandon,Bowman,Brandon Bowman,SF,78.75,6' 6.75'',209,83.5,6' 11.5'',103,8' 7'',2006,-1,-1
200758,Ronnie,Brewer,Ronnie Brewer,SG-PG,77.75,6' 5.75'',223,83.25,6' 11.25'',103.5,8' 7.5'',2006,1,14
200787,Denham,Brown,Denham Brown,SG-SF,76,6' 4'',218,81.5,6' 9.5'',102.5,8' 6.5'',2006,2,40
12125,Brad,Buckman,Brad Buckman,PF,79.25,6' 7.25'',238,84,7' 0'',107.5,8' 11.5'',2006,-1,-1
12126,Nik,Caner-Medley,Nik Caner-Medley,SF,78.5,6' 6.5'',234,81,6' 9'',103,8' 7'',2006,-1,-1
200760,Rodney,Carney,Rodney Carney,SG-SF,76.5,6' 4.5'',204,82,6' 10'',103.5,8' 7.5'',2006,1,16
12127,Keydren,Clark,Keydren Clark,PG,69,5' 9'',184,74.5,6' 2.5'',92.5,7' 8.5'',2006,-1,-1
200776,Mardy,Collins,Mardy Collins,PG-SG,76.25,6' 4.25'',224,82,6' 10'',103,8' 7'',2006,1,29
12128,Taquan,Dean,Taquan Dean,SG-PG,74,6' 2'',183,78.75,6' 6.75'',98,8' 2'',2006,-1,-1
12129,Terence,Dials,Terence Dials,PF-C,79.75,6' 7.75'',253,84,7' 0'',106,8' 10'',2006,-1,-1
12130,Sean,Dockery,Sean Dockery,PG-SG,72.75,6' 0.75'',182,76.5,6' 4.5'',95.5,7' 11.5'',2006,-1,-1
200770,Jordan,Farmar,Jordan Farmar,PG,72.75,6' 0.75'',171,75,6' 3'',94.5,7' 10.5'',2006,1,26
200751,Randy,Foye,Randy Foye,SG-PG,74.25,6' 2.25'',212,78.25,6' 6.25'',97,8' 1'',2006,1,7
12185,Torin,Francis,Torin Francis,PF-C,81,6' 9'',247,85,7' 1'',105.5,8' 9.5'',2006,-1,-1
200752,Rudy,Gay,Rudy Gay,SF-PF,79,6' 7'',222,87,7' 3'',107.5,8' 11.5'',2006,1,8
12186,Nick,George,Nick George,SF-SG,76,6' 4'',201,82,6' 10'',103,8' 7'',2006,-1,-1
12187,Taj,Gray,Taj Gray,PF-SF,79.25,6' 7.25'',231,84.75,7' 0.75'',107,8' 11'',2006,-1,-1
12188,Dan,Grunfeld,Dan Grunfeld,SF-SG,76.75,6' 4.75'',216,78.25,6' 6.25'',99,8' 3'',2006,-1,-1
12189,Matt,Haryasz,Matt Haryasz,PF-C,81.75,6' 9.75'',219,84.25,7' 0.25'',107.5,8' 11.5'',2006,-1,-1
12190,Eric,Hicks,Eric Hicks,PF,76.75,6' 4.75'',238,85.5,7' 1.5'',105.5,8' 9.5'',2006,-1,-1
12191,Tedric,Hill,Tedric Hill,SF-PF,79.75,6' 7.75'',236,85,7' 1'',107,8' 11'',2006,-1,-1
200812,Daniel,Horton,Daniel Horton,PG-SG,72.5,6' 0.5'',198,79,6' 7'',96.5,8' 0.5'',2006,-1,-1
200784,Bobby,Jones,Bobby Jones,SF-SG,77.75,6' 5.75'',211,81.5,6' 9.5'',101.5,8' 5.5'',2006,2,37
200780,Solomon,Jones,Solomon Jones,PF-C,80.5,6' 8.5'',224,88.75,7' 4.75'',109,9' 1'',2006,2,33
12192,Viktor,Keyru,Viktor Keyru,SG-PG,77.25,6' 5.25'',202,81.25,6' 9.25'',104,8' 8'',2006,-1,-1
12193,Marco,Killingsworth,Marco Killingsworth,PF,77.5,6' 5.5'',266,87,7' 3'',104,8' 8'',2006,-1,-1
200814,Tarence,Kinsey,Tarence Kinsey,SF-SG,76.75,6' 4.75'',179,78.75,6' 6.75'',100.5,8' 4.5'',2006,-1,-1
12194,Carl,Krauser,Carl Krauser,PG,71.75,5' 11.75'',190,78.25,6' 6.25'',97,8' 1'',2006,-1,-1
200840,Chris,McCray,Chris McCray,SG,75,6' 3'',187,77.75,6' 5.75'',96.5,8' 0.5'',2006,-1,-1
201019,Gerry,McNamara,Gerry McNamara,PG-SG,71.75,5' 11.75'',177,72.75,6' 0.75'',92.5,7' 8.5'',2006,-1,-1
200822,Pops,Mensah-Bonsu,Pops Mensah-Bonsu,PF-C,79.5,6' 7.5'',232,84,7' 0'',105.5,8' 9.5'',2006,-1,-1
200859,Paul,Miller,Paul Miller,PF-C,80.5,6' 8.5'',251,84,7' 0'',101.5,8' 5.5'',2006,-1,-1
200794,Paul,Millsap,Paul Millsap,PF,78.25,6' 6.25'',258,85.5,7' 1.5'',105.5,8' 9.5'',2006,2,47
201383,Dwayne,Mitchell,Dwayne Mitchell,SG-SF,74,6' 2'',208,78.5,6' 6.5'',98.5,8' 2.5'',2006,-1,-1
200747,Adam,Morrison,Adam Morrison,SF,78.5,6' 6.5'',198,82,6' 10'',105,8' 9'',2006,1,3
12195,Yemi,Nicholson,Yemi Nicholson,PF-C,79.75,6' 7.75'',258,88.25,7' 4.25'',107,8' 11'',2006,-1,-1
200786,David,Noel,David Noel,SF-SG,76.5,6' 4.5'',223,81.5,6' 9.5'',100,8' 4'',2006,2,39
200779,Steve,Novak,Steve Novak,SF,80,6' 8'',216,81.5,6' 9.5'',103,8' 7'',2006,2,32
200753,Patrick,O'Bryant,Patrick O'Bryant,C,83,6' 11'',249,89.75,7' 5.75'',113,9' 5'',2006,1,9
12196,Danilo,Pinnock,Danilo Pinnock,PG-SG,74.75,6' 2.75'',204,79.5,6' 7.5'',100.5,8' 4.5'',2006,-1,-1
200809,Chris,Quinn,Chris Quinn,PG-SG,72.5,6' 0.5'',175,77,6' 5'',94,7' 10'',2006,-1,-1
200810,Allan,Ray,Allan Ray,SG,73,6' 1'',204,80.5,6' 8.5'',99.5,8' 3.5'',2006,-1,-1
200755,JJ,Redick,JJ Redick,SG,76,6' 4'',190,75.25,6' 3.25'',97.5,8' 1.5'',2006,1,11
201015,Antywane,Robinson,Antywane Robinson,SF-PF,78.25,6' 6.25'',217,86.5,7' 2.5'',105.5,8' 9.5'',2006,-1,-1
200750,Brandon,Roy,Brandon Roy,SG-SF,77.25,6' 5.25'',207,80,6' 8'',101,8' 5'',2006,1,6
200754,Mouhamed,Sene,Mouhamed Sene,C,83,6' 11'',237,92.5,7' 8.5'',113,9' 5'',2006,1,10
200759,Cedric,Simmons,Cedric Simmons,PF-C,80.25,6' 8.25'',223,88.25,7' 4.25'',108.5,9' 0.5'',2006,1,15
201201,Marcus,Slaughter,Marcus Slaughter,PF-SF,79,6' 7'',220,83.5,6' 11.5'',104.5,8' 8.5'',2006,-1,-1
200783,Craig,Smith,Craig Smith,PF,77.5,6' 5.5'',259,81.5,6' 9.5'',103.5,8' 7.5'',2006,2,36
200848,Steven,Smith,Steven Smith,SF-PF,79.5,6' 7.5'',238,84.5,7' 0.5'',104,8' 8'',2006,-1,-1
23033,Michael,Southhall,Michael Southhall,C,81.5,6' 9.5'',241,88.25,7' 4.25'',107.5,8' 11.5'',2006,-1,-1
12199,Frans,Steyn,Frans Steyn,C,85.25,7' 1.25'',280,86.25,7' 2.25'',109,9' 1'',2006,-1,-1
201028,Curtis,Stinson,Curtis Stinson,SG,73.75,6' 1.75'',208,77,6' 5'',97.5,8' 1.5'',2006,-1,-1
200748,Tyrus,Thomas,Tyrus Thomas,PF-SF,79.25,6' 7.25'',217,87,7' 3'',108,9' 0'',2006,1,4
12200,Joah,Tucker,Joah Tucker,SF-SG,75.75,6' 3.75'',224,78.5,6' 6.5'',99.5,8' 3.5'',2006,-1,-1
12201,Ian,Vouyoukas,Ian Vouyoukas,C-PF,80.5,6' 8.5'',267,84.75,7' 0.75'',108.5,9' 0.5'',2006,-1,-1
200827,Darius,Washington,Darius Washington,PG,71.5,5' 11.5'',195,76,6' 4'',96,8' 0'',2006,-1,-1
201228,CJ,Watson,CJ Watson,PG,72.5,6' 0.5'',171,78,6' 6'',96,8' 0'',2006,-1,-1
200766,Marcus,Williams,Marcus Williams,PG,74,6' 2'',215,79,6' 7'',97.5,8' 1.5'',2006,1,22
200761,Shawne,Williams,Shawne Williams,SF-PF,79.25,6' 7.25'',227,87,7' 3'',104,8' 8'',2006,1,17
200818,Justin,Williams,Justin Williams,C-PF,79.25,6' 7.25'',211,85.5,7' 1.5'',109,9' 1'',2006,-1,-1
200749,Shelden,Williams,Shelden Williams,PF-C,79.5,6' 7.5'',258,88.25,7' 4.25'',104,8' 8'',2006,1,5
12203,Eric,Williams,Eric Williams,C-PF,79.25,6' 7.25'',285,88.25,7' 4.25'',106.5,8' 10.5'',2006,-1,-1
202124,Curtis,Withers,Curtis Withers,PF-SF,78,6' 6'',227,82,6' 10'',101,8' 5'',2006,-1,-1
12204,Mohamed,Abukar,Mohamed Abukar,SF,80,6' 8'',210,81,6' 9'',103,8' 7'',2007,-1,-1
12205,Mario,Boggan,Mario Boggan,PF,77,6' 5'',240,86,7' 2'',107,8' 11'',2007,-1,-1
12206,Craig,Bradshaw,Craig Bradshaw,PF,80,6' 8'',240,85.5,7' 1.5'',106.5,8' 10.5'',2007,-1,-1
201147,Corey,Brewer,Corey Brewer,SF-SG,78,6' 6'',185,80.25,6' 8.25'',103,8' 7'',2007,1,7
201166,Aaron,Brooks,Aaron Brooks,PG,70,5' 10'',161,76,6' 4'',94,7' 10'',2007,1,26
201628,Bobby,Brown,Bobby Brown,PG,71,5' 11'',170,76,6' 4'',95.5,7' 11.5'',2007,-1,-1
201469,Russell,Carter,Russell Carter,SG,75,6' 3'',221,80.5,6' 8.5'',97.5,8' 1.5'',2007,-1,-1
12207,Coleman,Collins,Coleman Collins,PF,80,6' 8'',236,86,7' 2'',107,8' 11'',2007,-1,-1
201144,Mike,Conley,Mike Conley,PG,71,5' 11'',175,77.75,6' 5.75'',94.5,7' 10.5'',2007,1,4
201161,Daequan,Cook,Daequan Cook,SG,75,6' 3'',203,80.25,6' 8.25'',101.5,8' 5.5'',2007,1,21
12208,Ryvon,Covile,Ryvon Covile,C-PF,79,6' 7'',250,85.25,7' 1.25'',107.5,8' 11.5'',2007,-1,-1
201159,Javaris,Crittenton,Javaris Crittenton,PG,75,6' 3'',194,77.5,6' 5.5'',98,8' 2'',2007,1,19
201176,Jermareo,Davidson,Jermareo Davidson,PF,81,6' 9'',230,88,7' 4'',109.5,9' 1.5'',2007,2,36
12209,Justin,Doellman,Justin Doellman,PF,80,6' 8'',205,80.75,6' 8.75'',105,8' 9'',2007,-1,-1
12210,Zabian,Dowdell,Zabian Dowdell,PG,73,6' 1'',191,82,6' 10'',100,8' 4'',2007,-1,-1
201162,Jared,Dudley,Jared Dudley,SF,77,6' 5'',219,79,6' 7'',102,8' 6'',2007,1,22
201142,Kevin,Durant,Kevin Durant,SF-PF,81,6' 9'',215,88.75,7' 4.75'',110,9' 2'',2007,1,2
12211,Rashaun,Freeman,Rashaun Freeman,PF,78,6' 6'',244,83.5,6' 11.5'',104,8' 8'',2007,-1,-1
201189,Aaron,Gray,Aaron Gray,C,84,7' 0'',271,87.25,7' 3.25'',108.5,9' 0.5'',2007,2,49
12212,Caleb,Green,Caleb Green,PF,78,6' 6'',238,83.75,6' 11.75'',103,8' 7'',2007,-1,-1
201145,Jeff,Green,Jeff Green,SF,79,6' 7'',228,85.25,7' 1.25'',103,8' 7'',2007,1,5
201192,Taurean,Green,Taurean Green,PG,71,5' 11'',173,74.25,6' 2.25'',96,8' 0'',2007,2,52
201150,Spencer,Hawes,Spencer Hawes,PF,82,6' 10'',244,84.5,7' 0.5'',110,9' 2'',2007,1,10
12214,Brandon,Heath,Brandon Heath,PG,74,6' 2'',181,79,6' 7'',94,7' 10'',2007,-1,-1
201195,Herbert,Hill,Herbert Hill,C,79,6' 7'',232,86.25,7' 2.25'',108.5,9' 0.5'',2007,2,55
201143,Al,Horford,Al Horford,PF,80,6' 8'',246,84.75,7' 0.75'',107,8' 11'',2007,1,3
12215,Quinton,Hosley,Quinton Hosley,SF-SG,77,6' 5'',215,83.25,6' 11.25'',105,8' 9'',2007,-1,-1
12216,James,Hughes,James Hughes,C,81,6' 9'',209,87,7' 3'',111,9' 3'',2007,-1,-1
12217,Jeremy,Hunt,Jeremy Hunt,SG,74,6' 2'',198,80.25,6' 8.25'',101.5,8' 5.5'',2007,-1,-1
12218,Ekene,Ibekwe,Ekene Ibekwe,PF,80,6' 8'',208,90,7' 6'',104,8' 8'',2007,-1,-1
12219,Dominic,James,Dominic James,PG,70,5' 10'',175,74,6' 2'',93,7' 9'',2007,-1,-1
201234,Trey,Johnson,Trey Johnson,SG,75,6' 3'',216,77,6' 5'',98,8' 2'',2007,-1,-1
12220,Rashad,Jones-Jennings,Rashad Jones-Jennings,PF,78,6' 6'',235,84,7' 0'',105.5,8' 9.5'',2007,-1,-1
201185,Jared,Jordan,Jared Jordan,PG,72,6' 0'',183,72,6' 0'',94,7' 10'',2007,2,45
201207,Coby,Karl,Coby Karl,SG-PG,75,6' 3'',204,83,6' 11'',99.5,8' 3.5'',2007,-1,-1
12221,Antanas,Kavaliauskas,Antanas Kavaliauskas,PF,81,6' 9'',237,82.5,6' 10.5'',106.5,8' 10.5'',2007,-1,-1
201171,Carl,Landry,Carl Landry,PF,79,6' 7'',248,83,6' 11'',102.5,8' 6.5'',2007,2,31
201186,Stephane,Lasme,Stephane Lasme,PF,77,6' 5'',213,86,7' 2'',107,8' 11'',2007,2,46
201151,Acie,Law,Acie Law,PG,74,6' 2'',186,78.5,6' 6.5'',98,8' 2'',2007,1,11
12222,Marko,Lekic,Marko Lekic,C,81,6' 9'',267,85,7' 1'',108.5,9' 0.5'',2007,-1,-1
12223,Ron,Lewis,Ron Lewis,SG,74,6' 2'',194,78.5,6' 6.5'',99,8' 3'',2007,-1,-1
201858,Cartier,Martin,Cartier Martin,SF,76,6' 4'',218,82,6' 10'',103.5,8' 7.5'',2007,-1,-1
201187,Dominic,McGuire,Dominic McGuire,SF,79,6' 7'',220,82.5,6' 10.5'',104,8' 8'',2007,2,47
201177,Josh,McRoberts,Josh McRoberts,PF,80,6' 8'',240,85,7' 1'',106.5,8' 10.5'',2007,2,37
201197,Sammy,Mejia,Sammy Mejia,SG,77,6' 5'',218,83,6' 11'',105,8' 9'',2007,2,57
12224,Brad,Newley,Brad Newley,SG,77,6' 5'',201,80,6' 8'',102.5,8' 6.5'',2007,2,54
201193,Demetris,Nichols,Demetris Nichols,SF,78,6' 6'',211,84.25,7' 0.25'',105,8' 9'',2007,2,53
201149,Joakim,Noah,Joakim Noah,PF,82,6' 10'',223,85.25,7' 1.25'',106.5,8' 10.5'',2007,1,9
201141,Greg,Oden,Greg Oden,C,83,6' 11'',257,88.25,7' 4.25'',112,9' 4'',2007,1,1
12225,Ivan,Radenovic,Ivan Radenovic,PF,81,6' 9'',226,83.75,6' 11.75'',106,8' 10'',2007,-1,-1
12226,JR,Reynolds,JR Reynolds,PG,72,6' 0'',188,75.25,6' 3.25'',95,7' 11'',2007,-1,-1
201181,Chris,Richard,Chris Richard,PF,79,6' 7'',252,88.5,7' 4.5'',110.5,9' 2.5'',2007,2,41
12227,Dustin,Salisbery,Dustin Salisbery,SG,75,6' 3'',208,80,6' 8'',100.5,8' 4.5'',2007,-1,-1
12228,Blake,Schilb,Blake Schilb,SG,77,6' 5'',214,81,6' 9'',102.5,8' 6.5'',2007,-1,-1
12229,Renaldas,Seibutis,Renaldas Seibutis,SG,76,6' 4'',185,80.75,6' 8.75'',101,8' 5'',2007,2,50
201196,Ramon,Sessions,Ramon Sessions,PG,74,6' 2'',185,76.25,6' 4.25'',97.5,8' 1.5'',2007,2,56
201203,Mustafa,Shakur,Mustafa Shakur,PG,75,6' 3'',185,77.5,6' 5.5'',99,8' 3'',2007,-1,-1
201160,Jason,Smith,Jason Smith,PF,82.75,6' 10.75'',233,82.75,6' 10.75'',106,8' 10'',2007,1,20
201199,DJ,Strawberry,DJ Strawberry,SG,75.75,6' 3.75'',199,78.5,6' 6.5'',101,8' 5'',2007,2,59
201155,Rodney,Stuckey,Rodney Stuckey,SG-PG,75.75,6' 3.75'',207,79.25,6' 7.25'',100.5,8' 4.5'',2007,1,15
12230,Curtis,Sumpter,Curtis Sumpter,SF,78,6' 6'',227,81.5,6' 9.5'',104,8' 8'',2007,-1,-1
201180,Yue,Sun,Yue Sun,SF,79.75,6' 7.75'',212,81,6' 9'',105,8' 9'',2007,-1,-1
201249,Jamaal,Tatum,Jamaal Tatum,PG,71.5,5' 11.5'',168,74.5,6' 2.5'',93.5,7' 9.5'',2007,-1,-1
12232,Reyshawn,Terry,Reyshawn Terry,SF,78.75,6' 6.75'',222,82,6' 10'',103.5,8' 7.5'',2007,2,44
201154,Al,Thornton,Al Thornton,SF,77.75,6' 5.75'',221,85,7' 1'',104,8' 8'',2007,1,14
201229,Anthony,Tolliver,Anthony Tolliver,PF,79,6' 7'',242,86.5,7' 2.5'',107.5,8' 11.5'',2007,-1,-1
12233,Ali,Traore,Ali Traore,C-PF,80.75,6' 8.75'',249,88,7' 4'',108.5,9' 0.5'',2007,-1,-1
12234,Kyle,Visser,Kyle Visser,C,82,6' 10'',242,83,6' 11'',108,9' 0'',2007,-1,-1
201208,Darryl,Watkins,Darryl Watkins,C,80.75,6' 8.75'',241,87,7' 3'',110,9' 2'',2007,-1,-1
12235,Major,Wingate,Major Wingate,C,80.5,6' 8.5'',242,88,7' 4'',109,9' 1'',2007,-1,-1
12236,DaShaun,Wood,DaShaun Wood,PG,70.75,5' 10.75'',167,72.75,6' 0.75'',92,7' 8'',2007,-1,-1
201153,Julian,Wright,Julian Wright,SF-PF,78.5,6' 6.5'',211,86.25,7' 2.25'',108,9' 0'',2007,1,13
201148,Brandan,Wright,Brandan Wright,PF,80.75,6' 8.75'',200,87.75,7' 3.75'',108.5,9' 0.5'',2007,1,8
12237,Avis,Wyatt,Avis Wyatt,PF,80.75,6' 8.75'',212,85,7' 1'',107,8' 11'',2007,-1,-1
201156,Nick,Young,Nick Young,SG-SF,77,6' 5'',206,84,7' 0'',100.5,8' 4.5'',2007,1,16
201152,Thaddeus,Young,Thaddeus Young,SF,77.75,6' 5.75'',210,83.5,6' 11.5'',106,8' 10'',2007,1,12
201570,Joe,Alexander,Joe Alexander,SF-PF,79.25,6' 7.25'',220,83.5,6' 11.5'',106,8' 10'',2008,1,8
201589,Darrell,Arthur,Darrell Arthur,PF,79.5,6' 7.5'',216,82.75,6' 10.75'',107,8' 11'',2008,1,27
201571,D.J.,Augustin,D.J. Augustin,PG,70,5' 10'',171.5,75.5,6' 3.5'',94.5,7' 10.5'',2008,1,9
201573,Jerryd,Bayless,Jerryd Bayless,PG-SG,73.75,6' 1.75'',204,75.5,6' 3.5'',97,8' 1'',2008,1,11
201563,Michael,Beasley,Michael Beasley,PF-SF,79,6' 7'',239,84.25,7' 0.25'',107,8' 11'',2008,1,2
12239,Ramel,Bradley,Ramel Bradley,PG-SG,73.25,6' 1.25'',184,77,6' 5'',98,8' 2'',2008,-1,-1
12240,Tyrone,Brazelton,Tyrone Brazelton,PG,70,5' 10'',166,73.75,6' 1.75'',94,7' 10'',2008,-1,-1
12241,Takais,Brown,Takais Brown,PF,79.25,6' 7.25'',252,82,6' 10'',106,8' 10'',2008,-1,-1
201812,Keith,Brumbaugh,Keith Brumbaugh,SF-PF,79.5,6' 7.5'',190,79.25,6' 7.25'',104.5,8' 8.5'',2008,-1,-1
201868,Stanley,Burrell,Stanley Burrell,PG,73.5,6' 1.5'',201,78.25,6' 6.25'',97.5,8' 1.5'',2008,-1,-1
12242,Brian,Butch,Brian Butch,C-PF,81.5,6' 9.5'',229.6,83.25,6' 11.25'',108,9' 0'',2008,-1,-1
12243,Jamar,Butler,Jamar Butler,PG,72.25,6' 0.25'',182,76.75,6' 4.75'',97,8' 1'',2008,-1,-1
12244,Pat,Calathes,Pat Calathes,SF-PF,80.75,6' 8.75'',204,81.75,6' 9.75'',106,8' 10'',2008,-1,-1
12245,Joe,Crawford,Joe Crawford,SG,75,6' 3'',213,77.75,6' 5.75'',99.5,8' 3.5'',2008,2,58
12246,Chris,Daniels,Chris Daniels,C-PF,80.25,6' 8.25'',256,84.5,7' 0.5'',109,9' 1'',2008,-1,-1
201595,Joey,Dorsey,Joey Dorsey,PF-C,78.25,6' 6.25'',265,85.75,7' 1.75'',107,8' 11'',2008,2,33
12247,Marcus,Dove,Marcus Dove,SF-PF,78.75,6' 6.75'',208,83.5,6' 11.5'',105,8' 9'',2008,-1,-1
12248,Josh,Duncan,Josh Duncan,PF,80,6' 8'',230,83.5,6' 11.5'',104.5,8' 8.5'',2008,-1,-1
12249,Frank,Elegar,Frank Elegar,PF,79.25,6' 7.25'',210,87.25,7' 3.25'',106,8' 10'',2008,-1,-1
201607,Patrick,Ewing Jr.,Patrick Ewing Jr.,SF-PF,78,6' 6'',224,84.25,7' 0.25'',97.5,8' 1.5'',2008,-1,-1
201814,Gary,Forbes,Gary Forbes,SG,76.5,6' 4.5'',220.5,83.25,6' 11.25'',104.5,8' 8.5'',2008,-1,-1
12250,Shan,Foster,Shan Foster,SG,76,6' 4'',194.5,83.5,6' 11.5'',103.5,8' 7.5'',2008,2,51
201592,J.R.,Giddens,J.R. Giddens,SG,76,6' 4'',208,83.25,6' 11.25'',103,8' 7'',2008,1,30
12251,James,Gist,James Gist,PF,79,6' 7'',220,88,7' 4'',107.5,8' 11.5'',2008,2,57
12252,Vladimir,Golubovic,Vladimir Golubovic,C,83.25,6' 11.25'',258,86.5,7' 2.5'',111.5,9' 3.5'',2008,-1,-1
201569,Eric,Gordon,Eric Gordon,SG,74,6' 2'',222,81,6' 9'',99,8' 3'',2008,1,7
201863,Kentrell,Gransberry,Kentrell Gransberry,C,78.75,6' 6.75'',290,82.25,6' 10.25'',106,8' 10'',2008,-1,-1
201590,Donte,Greene,Donte Greene,SF-PF,80.25,6' 8.25'',221,82,6' 10'',108,9' 0'',2008,1,28
201612,Malik,Hairston,Malik Hairston,SG,76.25,6' 4.25'',204,81,6' 9'',103.5,8' 7.5'',2008,2,48
201614,DeVon,Hardin,DeVon Hardin,C-PF,81.5,6' 9.5'',235,87,7' 3'',109.5,9' 1.5'',2008,2,50
201613,Richard,Hendrix,Richard Hendrix,PF,78.75,6' 6.75'',250,87,7' 3'',108,9' 0'',2008,2,49
201588,George,Hill,George Hill,PG,73.25,6' 1.25'',181,81,6' 9'',97.5,8' 1.5'',2008,1,26
12254,Kyle,Hines,Kyle Hines,SF-PF,75.75,6' 3.75'',234,85.25,7' 1.25'',104.5,8' 8.5'',2008,-1,-1
12255,Jiri,Hubalek,Jiri Hubalek,C-PF,81.5,6' 9.5'',226,82.75,6' 10.75'',109,9' 1'',2008,-1,-1
201991,Lester,Hudson,Lester Hudson,PG,71.75,5' 11.75'',196,80.75,6' 8.75'',98.5,8' 2.5'',2008,2,58
201629,Othello,Hunter,Othello Hunter,PF-SF,78.5,6' 6.5'',220,87,7' 3'',109.5,9' 1.5'',2008,-1,-1
201616,Darnell,Jackson,Darnell Jackson,PF,79,6' 7'',240.5,83.25,6' 11.25'',106.5,8' 10.5'',2008,2,52
12256,Shawn,James,Shawn James,PF,79.75,6' 7.75'',217,89,7' 5'',111,9' 3'',2008,-1,-1
12257,Davon,Jefferson,Davon Jefferson,SF,77.25,6' 5.25'',213,81.5,6' 9.5'',105,8' 9'',2008,-1,-1
12258,Joseph,Jones,Joseph Jones,PF,79,6' 7'',240,84.25,7' 0.25'',107,8' 11'',2008,-1,-1
201599,DeAndre,Jordan,DeAndre Jordan,C,81.75,6' 9.75'',250,90,7' 6'',113.5,9' 5.5'',2008,2,35
12253,Sasha,Kaun,Sasha Kaun,C-PF,81,6' 9'',247,88,7' 4'',110,9' 2'',2008,2,56
12260,Marcelus,Kemp,Marcelus Kemp,SG,75,6' 3'',221,80.5,6' 8.5'',103.5,8' 7.5'',2008,-1,-1
12261,Maarty,Leunen,Maarty Leunen,SF,79.25,6' 7.25'',222,80,6' 8'',102.5,8' 6.5'',2008,2,54
201848,Longar,Longar,Longar Longar,C,81,6' 9'',212.5,85.25,7' 1.25'',109.5,9' 1.5'',2008,-1,-1
201572,Brook,Lopez,Brook Lopez,C,83.25,6' 11.25'',258,89.5,7' 5.5'',113,9' 5'',2008,1,10
201567,Kevin,Love,Kevin Love,PF,79.75,6' 7.75'',255,83.25,6' 11.25'',106,8' 10'',2008,1,5
12262,Aleks,Maric,Aleks Maric,C,81.75,6' 9.75'',273,85,7' 1'',109.5,9' 1.5'',2008,-1,-1
201564,O.J.,Mayo,O.J. Mayo,SG-PG,75.25,6' 3.25'',200,78,6' 6'',99.5,8' 3.5'',2008,1,3
201651,James,Mays,James Mays,PF,78.75,6' 6.75'',227,85.75,7' 1.75'',105,8' 9'',2008,-1,-1
201601,Luc,Mbah a Moute,Luc Mbah a Moute,SF,77.75,6' 5.75'',221,86.5,7' 2.5'',103.5,8' 7.5'',2008,2,37
201580,JaVale,McGee,JaVale McGee,C-PF,83,6' 11'',241,90,7' 6'',114.5,9' 6.5'',2008,1,18
12263,Drew,Neitzel,Drew Neitzel,PG,71.75,5' 11.75'',175.5,74.5,6' 2.5'',95,7' 11'',2008,-1,-1
201634,DeMarcus,Nelson,DeMarcus Nelson,PG-SG,73,6' 1'',198,82,6' 10'',98.5,8' 2.5'',2008,-1,-1
201624,David,Padgett,David Padgett,C-PF,82.25,6' 10.25'',239.5,85,7' 1'',109.5,9' 1.5'',2008,-1,-1
12264,Jeremy,Pargo,Jeremy Pargo,PG,72.5,6' 0.5'',208,77,6' 5'',96,8' 0'',2008,-1,-1
12265,Trent,Plaisted,Trent Plaisted,PF,81.25,6' 9.25'',240,82.5,6' 10.5'',105.5,8' 9.5'',2008,2,46
12266,Quan,Prowell,Quan Prowell,SF-PF,78.75,6' 6.75'',225.5,82.5,6' 10.5'',103.5,8' 7.5'',2008,-1,-1
12267,Shaun,Pruitt,Shaun Pruitt,C-PF,80.25,6' 8.25'',242.2,85,7' 1'',107.5,8' 11.5'',2008,-1,-1
201576,Anthony,Randolph,Anthony Randolph,PF-SF,81,6' 9'',197,87,7' 3'',109,9' 1'',2008,1,14
12268,Charles,Rhodes,Charles Rhodes,PF,79.25,6' 7.25'',244,83.25,6' 11.25'',107.5,8' 11.5'',2008,-1,-1
12269,Brian,Roberts,Brian Roberts,PG,72.25,6' 0.25'',173,73.25,6' 1.25'',95,7' 11'',2008,-1,-1
201781,Russell,Robinson,Russell Robinson,PG,72.5,6' 0.5'',196,80,6' 8'',100.5,8' 4.5'',2008,-1,-1
201565,Derrick,Rose,Derrick Rose,PG,73.5,6' 1.5'',196,80,6' 8'',98.5,8' 2.5'',2008,1,1
201606,Sean,Singletary,Sean Singletary,PG,71,5' 11'',183.8,76.5,6' 4.5'',95,7' 11'',2008,2,42
12271,Ronald,Steele,Ronald Steele,PG,72.25,6' 0.25'',183.5,76.25,6' 4.25'',97.5,8' 1.5'',2008,-1,-1
201446,Mike,Taylor,Mike Taylor,SG-PG,72.75,6' 0.75'',166.2,79.25,6' 7.25'',98,8' 2'',2008,2,55
12272,Bryce,Taylor,Bryce Taylor,SG,74.75,6' 2.75'',210,81,6' 9'',99.5,8' 3.5'',2008,-1,-1
201872,Mark,Tyndale,Mark Tyndale,SG-SF,74.75,6' 2.75'',217,83,6' 11'',103.5,8' 7.5'',2008,-1,-1
12273,Robert,Vaden,Robert Vaden,SG,75.5,6' 3.5'',199,80,6' 8'',101,8' 5'',2008,2,54
201622,Deron,Washington,Deron Washington,SF,77.25,6' 5.25'',198.5,81,6' 9'',102.5,8' 6.5'',2008,2,59
201603,Sonny,Weems,Sonny Weems,SG-SF,76,6' 4'',193,82,6' 10'',104,8' 8'',2008,2,39
201566,Russell,Westbrook,Russell Westbrook,PG,74.25,6' 2.25'',192,79.75,6' 7.75'',100,8' 4'',2008,1,4
199,Reggie,Williams,Reggie Williams,SG,75.25,6' 3.25'',199,81.25,6' 9.25'',103,8' 7'',2008,-1,-1
202399,Jeff,Adrien,Jeff Adrien,PF,77.25,6' 5.25'',236.2,86,7' 2'',107.5,8' 11.5'',2009,-1,-1
201965,Jeff,Ayres,Jeff Ayres,PF,80.75,6' 8.75'',239.6,85,7' 1'',107,8' 11'',2009,2,31
201958,Rodrigue,Beaubois,Rodrigue Beaubois,PG,73.25,6' 1.25'',182.4,81.75,6' 9.75'',100,8' 4'',2009,1,25
201971,DeJuan,Blair,DeJuan Blair,PF,77.25,6' 5.25'',276.6,86,7' 2'',106.5,8' 10.5'',2009,2,37
201974,Derrick,Brown,Derrick Brown,SF-PF,79.5,6' 7.5'',224.6,86.5,7' 2.5'',107.5,8' 11.5'',2009,2,40
201978,Chase,Budinger,Chase Budinger,SF-SG,78.25,6' 6.25'',206.4,79,6' 7'',101,8' 5'',2009,2,44
201956,Omri,Casspi,Omri Casspi,SF,79.75,6' 7.75'',211.2,81.25,6' 9.25'',106.5,8' 10.5'',2009,1,23
12275,Dionte,Christmas,Dionte Christmas,SG,76.25,6' 4.25'',210.8,81,6' 9'',102.5,8' 6.5'',2009,-1,-1
201947,Earl,Clark,Earl Clark,SF-PF,80.5,6' 8.5'',228.4,86.5,7' 2.5'',109.5,9' 1.5'',2009,1,14
201954,Darren,Collison,Darren Collison,PG,72.25,6' 0.25'',166.2,75,6' 3'',96.5,8' 0.5'',2009,1,21
201967,Dante,Cunningham,Dante Cunningham,PF,79,6' 7'',227.4,83,6' 11'',106.5,8' 10.5'',2009,2,33
201939,Stephen,Curry,Stephen Curry,PG-SG,74,6' 2'',181,75.5,6' 3.5'',97,8' 1'',2009,1,7
201948,Austin,Daye,Austin Daye,SF-PF,81.75,6' 9.75'',191.8,86.75,7' 2.75'',110,9' 2'',2009,1,15
201942,DeMar,DeRozan,DeMar DeRozan,SG-SF,77.5,6' 5.5'',211.2,81,6' 9'',102.5,8' 6.5'',2009,1,9
201962,Toney,Douglas,Toney Douglas,PG,73,6' 1'',183.4,78,6' 6'',97.5,8' 1.5'',2009,1,29
201961,Wayne,Ellington,Wayne Ellington,SG,76.25,6' 4.25'',202.4,78.5,6' 6.5'',100,8' 4'',2009,1,28
201936,Tyreke,Evans,Tyreke Evans,PG-SG,76,6' 4'',220.6,83.25,6' 11.25'',104,8' 8'',2009,1,4
201938,Jonny,Flynn,Jonny Flynn,PG,71.25,5' 11.25'',195.6,76,6' 4'',95.5,7' 11.5'',2009,1,6
201959,Taj,Gibson,Taj Gibson,PF,80.5,6' 8.5'',214.4,88,7' 4'',109,9' 1'',2009,1,26
201980,Danny,Green,Danny Green,SG-SF,77.25,6' 5.25'',208,82,6' 10'',103,8' 7'',2009,2,46
201933,Blake,Griffin,Blake Griffin,PF,80.5,6' 8.5'',248.4,83.25,6' 11.25'',105,8' 9'',2009,1,1
201946,Tyler,Hansbrough,Tyler Hansbrough,PF,80.25,6' 8.25'',234.2,83.5,6' 11.5'',106,8' 10'',2009,1,13
201935,James,Harden,James Harden,SG,76,6' 4'',222,82.75,6' 10.75'',103.5,8' 7.5'',2009,1,3
201945,Gerald,Henderson,Gerald Henderson,SG-SF,76,6' 4'',214.6,82.25,6' 10.25'',102.5,8' 6.5'',2009,1,12
12278,Josh,Heytvelt,Josh Heytvelt,PF-C,82,6' 10'',246.2,85.25,7' 1.25'',108,9' 0'',2009,-1,-1
201941,Jordan,Hill,Jordan Hill,PF-C,81.25,6' 9.25'',232.4,85.5,7' 1.5'',108,9' 0'',2009,1,8
201950,Jrue,Holiday,Jrue Holiday,PG-SG,75.25,6' 3.25'',199,79,6' 7'',100.5,8' 4.5'',2009,1,17
12279,Joe,Ingles,Joe Ingles,SF,79.75,6' 7.75'',209.2,82.25,6' 10.25'',105,8' 9'',2009,-1,-1
201949,James,Johnson,James Johnson,SF-PF,79,6' 7'',257.2,84.75,7' 0.75'',105.5,8' 9.5'',2009,1,16
201951,Ty,Lawson,Ty Lawson,PG,71.25,5' 11.25'',196.6,72.75,6' 0.75'',94.5,7' 10.5'',2009,1,18
201953,Eric,Maynor,Eric Maynor,PG,74.25,6' 2.25'',163.6,74.5,6' 2.5'',97,8' 1'',2009,1,20
12282,Jack,McClinton,Jack McClinton,SG-PG,71.75,5' 11.75'',185.2,74.5,6' 2.5'',96,8' 0'',2009,2,51
12283,Jerel,McNeal,Jerel McNeal,SG,73.5,6' 1.5'',190.4,79.25,6' 7.25'',99.5,8' 3.5'',2009,-1,-1
201975,Jodie,Meeks,Jodie Meeks,SG,75,6' 3'',211.4,76.5,6' 4.5'',98,8' 2'',2009,2,41
201988,Patty,Mills,Patty Mills,PG,71.25,5' 11.25'',175.4,74,6' 2'',95,7' 11'',2009,2,55
201957,Byron,Mullens,Byron Mullens,C,83.75,6' 11.75'',258.2,85.5,7' 1.5'',111,9' 3'',2009,1,24
201985,A.J.,Price,A.J. Price,PG,72.5,6' 0.5'',192.8,75.75,6' 3.75'',97,8' 1'',2009,-1,-1
12284,Tyler,Smith,Tyler Smith,SF,77.25,6' 5.25'',212,81.75,6' 9.75'',104.5,8' 8.5'',2009,-1,-1
201969,DaJuan,Summers,DaJuan Summers,SF,79.25,6' 7.25'',243,84.75,7' 0.75'',106.5,8' 10.5'',2009,2,35
201966,Jermaine,Taylor,Jermaine Taylor,SG,75.5,6' 3.5'',207.4,80.75,6' 8.75'',101,8' 5'',2009,2,32
201952,Jeff,Teague,Jeff Teague,PG,72.25,6' 0.25'',175.2,79.5,6' 7.5'',98.5,8' 2.5'',2009,1,19
201977,Marcus,Thornton,Marcus Thornton,SG,74.75,6' 2.75'',194.4,77,6' 5'',99,8' 3'',2009,2,43
201944,Terrence,Williams,Terrence Williams,SG-SF,77,6' 5'',213.2,81,6' 9'',103.5,8' 7.5'',2009,1,11
201970,Sam,Young,Sam Young,SF-SG,77.25,6' 5.25'',222.8,82.75,6' 10.75'',105.5,8' 9.5'',2009,2,36
202374,Solomon,Alabi,Solomon Alabi,C,83.5,6' 11.5'',237.4,89,7' 5'',113,9' 5'',2010,2,50
202332,Cole,Aldrich,Cole Aldrich,C,81,6' 9'',236,88.75,7' 4.75'',111.5,9' 3.5'',2010,1,11
202329,Al-Farouq,Aminu,Al-Farouq Aminu,SF,79.25,6' 7.25'',216,87.25,7' 3.25'',108.5,9' 0.5'',2010,1,8
202341,James,Anderson,James Anderson,SF,76.75,6' 4.75'',207.6,80.5,6' 8.5'',104,8' 8'',2010,1,20
202337,Luke,Babbitt,Luke Babbitt,SF-PF,79.5,6' 7.5'',217.8,83.25,6' 11.25'',104.5,8' 8.5'',2010,1,16
202339,Eric,Bledsoe,Eric Bledsoe,PG,72.25,6' 0.25'',191.6,79.5,6' 7.5'',98,8' 2'',2010,1,18
202344,Trevor,Booker,Trevor Booker,PF,78.25,6' 6.25'',235.8,81.75,6' 9.75'',106,8' 10'',2010,1,23
202342,Craig,Brackins,Craig Brackins,PF-SF,80.5,6' 8.5'',229,84,7' 0'',109,9' 1'',2010,1,21
202340,Avery,Bradley,Avery Bradley,SG-PG,74,6' 2'',180.4,79.25,6' 7.25'',98.5,8' 2.5'',2010,1,19
202382,Derrick,Caracter,Derrick Caracter,PF,80.25,6' 8.25'',280,84.25,7' 0.25'',107.5,8' 11.5'',2010,2,58
202395,Sherron,Collins,Sherron Collins,PG,70.25,5' 10.25'',217.2,74.5,6' 2.5'',94,7' 10'',2010,-1,-1
202326,DeMarcus,Cousins,DeMarcus Cousins,C,81.5,6' 9.5'',291.8,89.75,7' 5.75'',113,9' 5'',2010,1,5
202348,Jordan,Crawford,Jordan Crawford,SG,75,6' 3'',198.4,79,6' 7'',101,8' 5'',2010,1,27
202334,Ed,Davis,Ed Davis,PF,81,6' 9'',226.6,84,7' 0'',108,9' 0'',2010,1,13
202365,Devin,Ebanks,Devin Ebanks,SF,79,6' 7'',207.8,84.25,7' 0.25'',107.5,8' 11.5'',2010,2,43
202324,Derrick,Favors,Derrick Favors,PF,80.75,6' 8.75'',245.2,88,7' 4'',110,9' 2'',2010,1,3
12316,Keith,Gallon,Keith Gallon,PF-C,80.5,6' 8.5'',301.8,88.5,7' 4.5'',109.5,9' 1.5'',2010,-1,-1
12317,Charles,Garcia,Charles Garcia,SF,80.25,6' 8.25'',231.6,85.75,7' 1.75'',107.5,8' 11.5'',2010,-1,-1
202331,Paul,George,Paul George,SF,79.75,6' 7.75'',214.4,83.25,6' 11.25'',107,8' 11'',2010,1,10
202376,Luke,Harangody,Luke Harangody,PF,78,6' 6'',240.2,81.5,6' 9.5'',106,8' 10'',2010,2,52
202412,Manny,Harris,Manny Harris,SG,76,6' 4'',185.1,79.25,6' 7.25'',102,8' 6'',2010,-1,-1
202351,Lazar,Hayward,Lazar Hayward,SG-SF,76.5,6' 4.5'',225.8,84.75,7' 0.75'',102,8' 6'',2010,1,30
202330,Gordon,Hayward,Gordon Hayward,SF,78.75,6' 6.75'',211,79.75,6' 7.75'',103,8' 7'',2010,1,9
202333,Xavier,Henry,Xavier Henry,SG,77.25,6' 5.25'',210.2,83.25,6' 11.25'',105,8' 9'',2010,1,12
202359,Darington,Hobson,Darington Hobson,SG-SF,77.25,6' 5.25'',203.6,81.25,6' 9.25'',104.5,8' 8.5'',2010,2,37
202345,Damion,James,Damion James,SF,78.25,6' 6.25'',226.6,84.75,7' 0.75'',107,8' 11'',2010,1,24
202325,Wesley,Johnson,Wesley Johnson,SF,78.25,6' 6.25'',206.4,85,7' 1'',106,8' 10'',2010,1,4
202356,Armon,Johnson,Armon Johnson,PG-SG,74,6' 2'',195.2,80,6' 8'',99.5,8' 3.5'',2010,2,34
202346,Dominique,Jones,Dominique Jones,SG,75.25,6' 3.25'',216,81.25,6' 9.25'',101,8' 5'',2010,1,25
12330,Sylven,Landesberg,Sylven Landesberg,SG,76.75,6' 4.75'',210,81,6' 9'',100.5,8' 4.5'',2010,-1,-1
202371,Gani,Lawal,Gani Lawal,PF,79.5,6' 7.5'',233.4,84,7' 0'',107.5,8' 11.5'',2010,2,46
202328,Greg,Monroe,Greg Monroe,PF-C,81.75,6' 9.75'',246.6,86.25,7' 2.25'',108.5,9' 0.5'',2010,1,7
202350,Daniel,Orton,Daniel Orton,C,80.75,6' 8.75'',269.2,88.25,7' 4.25'',110.5,9' 2.5'',2010,1,29
12334,Artsiom,Parakhouski,Artsiom Parakhouski,C,82.25,6' 10.25'',268.2,85,7' 1'',109.5,9' 1.5'',2010,-1,-1
202335,Patrick,Patterson,Patrick Patterson,PF,80,6' 8'',239.6,85.25,7' 1.25'',107,8' 11'',2010,1,14
202360,Andy,Rautins,Andy Rautins,SG,76.25,6' 4.25'',191.6,79,6' 7'',100,8' 4'',2010,2,38
12338,Ryan,Richards,Ryan Richards,PF,82.5,6' 10.5'',230.2,85.5,7' 1.5'',110,9' 2'',2010,2,49
202383,Stanley,Robinson,Stanley Robinson,SF,78.5,6' 6.5'',213.2,84,7' 0'',107.5,8' 11.5'',2010,2,59
202336,Larry,Sanders,Larry Sanders,PF-C,81.25,6' 9.25'',222.4,89.75,7' 5.75'',112,9' 4'',2010,1,15
202362,Lance,Stephenson,Lance Stephenson,SG,76.5,6' 4.5'',227,82.5,6' 10.5'',103,8' 7'',2010,2,40
12343,Mikhail,Torrance,Mikhail Torrance,PG,76,6' 4'',208.8,79.5,6' 7.5'',103,8' 7'',2010,-1,-1
202323,Evan,Turner,Evan Turner,SG,77.75,6' 5.75'',213.8,80,6' 8'',103.5,8' 7.5'',2010,1,2
202327,Ekpe,Udoh,Ekpe Udoh,PF,80.75,6' 8.75'',237.4,88.5,7' 4.5'',106.5,8' 10.5'',2010,1,6
12346,Jarvis,Varnado,Jarvis Varnado,PF-C,80.25,6' 8.25'',210.2,87.5,7' 3.5'',109.5,9' 1.5'',2010,2,41
202322,John,Wall,John Wall,PG,74.75,6' 2.75'',195.6,81.25,6' 9.25'',101.5,8' 5.5'',2010,1,1
202378,Willie,Warren,Willie Warren,SG-PG,74.5,6' 2.5'',208.4,78,6' 6'',99.5,8' 3.5'',2010,2,54
202358,Terrico,White,Terrico White,SG-PG,75.75,6' 3.75'',202.6,81,6' 9'',101,8' 5'',2010,2,36
202355,Hassan,Whiteside,Hassan Whiteside,C-PF,82.5,6' 10.5'',226.6,91,7' 7'',113,9' 5'',2010,2,33
202728,Keith,Benson,Keith Benson,C-PF,82,6' 10'',217,87.75,7' 3.75'',109.5,9' 1.5'',2011,2,48
202705,Marshon,Brooks,Marshon Brooks,SG,76.25,6' 4.25'',194.6,85,7' 1'',101,8' 5'',2011,-1,-1
202692,Alec,Burks,Alec Burks,SG,77,6' 5'',192.6,82,6' 10'',103.5,8' 7.5'',2011,1,12
202710,Jimmy,Butler,Jimmy Butler,SF,78,6' 6'',222.2,79.5,6' 7.5'',101.5,8' 5.5'',2011,1,30
202708,Norris,Cole,Norris Cole,PG,72.25,6' 0.25'',174.4,74.25,6' 2.25'',95.5,7' 11.5'',2011,1,28
202739,Jon,Diebler,Jon Diebler,SG,77.25,6' 5.25'',196.6,78,6' 6'',99,8' 3'',2011,2,51
12406,Michael,Dunigan,Michael Dunigan,PF-C,80.5,6' 8.5'',237.6,87.25,7' 3.25'',107.5,8' 11.5'',2011,-1,-1
12407,LaceDarius,Dunn,LaceDarius Dunn,SG,75,6' 3'',187.8,78.25,6' 6.25'',101,8' 5'',2011,-1,-1
202702,Kenneth,Faried,Kenneth Faried,PF,78,6' 6'',224.6,84,7' 0'',108,9' 0'',2011,1,22
12409,James,Fredette,James Fredette,PG,72.75,6' 0.75'',196,76.5,6' 4.5'',96.5,8' 0.5'',2011,-1,-1
202726,Andrew,Goudelock,Andrew Goudelock,PG,73.25,6' 1.25'',197.6,76.25,6' 4.25'',96.5,8' 0.5'',2011,2,46
202706,Jordan,Hamilton,Jordan Hamilton,SF,78.75,6' 6.75'',228.4,81.5,6' 9.5'',104,8' 8'',2011,1,26
202712,Justin,Harper,Justin Harper,PF-SF,80,6' 8'',228,83.75,6' 11.75'',106,8' 10'',2011,2,32
202699,Tobias,Harris,Tobias Harris,SF-PF,78.5,6' 6.5'',222.8,83,6' 11'',103.5,8' 7.5'',2011,1,19
202715,Tyler,Honeycutt,Tyler Honeycutt,SF,78.75,6' 6.75'',186.8,81,6' 9'',105,8' 9'',2011,2,35
12415,Scotty,Hopson,Scotty Hopson,SG,77.75,6' 5.75'',204.6,82.5,6' 10.5'',103.5,8' 7.5'',2011,-1,-1
12417,Rick,Jackson,Rick Jackson,PF,80.25,6' 8.25'',241.8,86,7' 2'',106.5,8' 10.5'',2011,-1,-1
202724,Charles,Jenkins,Charles Jenkins,PG-SG,73.5,6' 1.5'',216.4,79.5,6' 7.5'',96.5,8' 0.5'',2011,2,44
202707,JaJuan,Johnson,JaJuan Johnson,PF,81,6' 9'',219.8,86,7' 2'',107.5,8' 11.5'',2011,1,27
202709,Cory,Joseph,Cory Joseph,PG,74,6' 2'',186.2,77.5,6' 5.5'',99,8' 3'',2011,1,29
202683,Enes,Kanter,Enes Kanter,PF-C,81.75,6' 9.75'',259.2,85.5,7' 1.5'',109.5,9' 1.5'',2011,-1,-1
202688,Brandon,Knight,Brandon Knight,PG,73.5,6' 1.5'',176.8,78.75,6' 6.75'',98.5,8' 2.5'',2011,1,8
202723,Malcolm,Lee,Malcolm Lee,SG,76,6' 4'',198.2,81.75,6' 9.75'',101.5,8' 5.5'',2011,2,43
202695,Kawhi,Leonard,Kawhi Leonard,SF,78,6' 6'',227.4,87,7' 3'',106,8' 10'',2011,1,15
202727,Travis,Leslie,Travis Leslie,SG,75,6' 3'',205,82.5,6' 10.5'',103,8' 7'',2011,2,47
202720,Jon,Leuer,Jon Leuer,PF,82,6' 10'',223.2,84,7' 0'',105.5,8' 9.5'',2011,2,40
202732,DeAndre,Liggins,DeAndre Liggins,SF-SG,77,6' 5'',202.2,83,6' 11'',103.5,8' 7.5'',2011,2,53
12428,David,Lighty,David Lighty,SG,76.75,6' 4.75'',216.2,80,6' 8'',101,8' 5'',2011,-1,-1
202714,Shelvin,Mack,Shelvin Mack,PG,73,6' 1'',209,79.5,6' 7.5'',96.5,8' 0.5'',2011,2,34
12430,Demetri,McCamey,Demetri McCamey,PG,73.75,6' 1.75'',204,78.25,6' 6.25'',99.5,8' 3.5'',2011,-1,-1
202734,E'Twaun,Moore,E'Twaun Moore,SG,74.5,6' 2.5'',191.4,81.5,6' 9.5'',99.5,8' 3.5'',2011,2,55
202694,Marcus,Morris,Marcus Morris,PF-SF,79,6' 7'',229.6,82,6' 10'',105.5,8' 9.5'',2011,-1,-1
202693,Markieff,Morris,Markieff Morris,PF,79.75,6' 7.75'',240.8,82.75,6' 10.75'',106.5,8' 10.5'',2011,1,13
202721,Darius,Morris,Darius Morris,PG-SG,75.25,6' 3.25'',190,79.5,6' 7.5'',102,8' 6'',2011,2,41
202718,Chandler,Parsons,Chandler Parsons,SF,80.75,6' 8.75'',221.2,81.5,6' 9.5'',104.5,8' 8.5'',2011,2,38
12436,Jereme,Richmond,Jereme Richmond,SF,78,6' 6'',207.2,82.25,6' 10.25'',106.5,8' 10.5'',2011,-1,-1
202729,Josh,Selby,Josh Selby,SG-PG,73.75,6' 1.75'',194.6,77.25,6' 5.25'',98,8' 2'',2011,2,49
202697,Iman,Shumpert,Iman Shumpert,PG-SG,76.25,6' 4.25'',221.8,81.5,6' 9.5'',99.5,8' 3.5'',2011,1,17
202713,Kyle,Singler,Kyle Singler,SF,79.5,6' 7.5'',228,82.1,6' 10.1'',106,8' 10'',2011,2,33
202698,Chris,Singleton,Chris Singleton,SF,79.75,6' 7.75'',230.2,85,7' 1'',103.5,8' 7.5'',2011,1,18
12441,Jamie,Skeen,Jamie Skeen,PF,78.5,6' 6.5'',241.6,85.25,7' 1.25'',106.5,8' 10.5'',2011,-1,-1
202701,Nolan,Smith,Nolan Smith,PG,73.5,6' 1.5'',187.6,77.5,6' 5.5'',99,8' 3'',2011,1,21
12442,Gregory,Smith,Gregory Smith,PF-C,80,6' 8'',252.8,86.5,7' 2.5'',106.5,8' 10.5'',2011,-1,-1
12445,Malcolm,Thomas,Malcolm Thomas,PF,79.5,6' 7.5'',223,84.5,7' 0.5'',107.5,8' 11.5'',2011,-1,-1
202738,Isaiah,Thomas,Isaiah Thomas,PG,68.75,5' 8.75'',186,73.75,6' 1.75'',91.5,7' 7.5'',2011,2,60
202717,Trey,Thompkins,Trey Thompkins,PF,80.5,6' 8.5'',239,85,7' 1'',107.5,8' 11.5'',2011,2,37
202684,Tristan,Thompson,Tristan Thompson,PF,79.5,6' 7.5'',227.4,85.25,7' 1.25'',108.5,9' 0.5'',2011,1,4
202691,Klay,Thompson,Klay Thompson,SG,77.75,6' 5.75'',205.6,81,6' 9'',103.5,8' 7.5'',2011,1,11
202719,Jeremy,Tyler,Jeremy Tyler,PF-C,81,6' 9'',262.4,89,7' 5'',110.5,9' 2.5'',2011,2,39
202696,Nikola,Vucevic,Nikola Vucevic,PF-C,82.25,6' 10.25'',259.8,88.5,7' 4.5'',112.5,9' 4.5'',2011,1,16
202689,Kemba,Walker,Kemba Walker,PG,71.5,5' 11.5'',184,75.5,6' 3.5'',91.5,7' 7.5'',2011,1,9
202716,Jordan,Williams,Jordan Williams,PF,79.75,6' 7.75'',247.2,84.25,7' 0.25'',106.5,8' 10.5'',2011,2,36
202682,Derrick,Williams,Derrick Williams,PF-SF,79.25,6' 7.25'',248.4,85.5,7' 1.5'',108,9' 0'',2011,1,2
203112,Quincy,Acy,Quincy Acy,PF,78.5,6' 6.5'',223.8,86.75,7' 2.75'',106.5,8' 10.5'',2012,2,37
203084,Harrison,Barnes,Harrison Barnes,SF-SG,79,6' 7'',227.8,83.25,6' 11.25'',101.5,8' 5.5'',2012,1,7
203115,Will,Barton,Will Barton,SG-SF,77,6' 5'',174.4,81.75,6' 9.75'',102.5,8' 6.5'',2012,2,40
203078,Bradley,Beal,Bradley Beal,SG,75.25,6' 3.25'',201.8,80,6' 8'',100,8' 4'',2012,1,3
12458,J'Covan,Brown,J'Covan Brown,PG,73,6' 1'',202.4,77.25,6' 5.25'',96,8' 0'',2012,-1,-1
203733,William,Buford,William Buford,SG-SF,76,6' 4'',214.6,81.5,6' 9.5'',102,8' 6'',2012,-1,-1
203109,Jae,Crowder,Jae Crowder,SF,76.75,6' 4.75'',241.2,81.25,6' 9.25'',99.5,8' 3.5'',2012,2,34
203099,Jared,Cunningham,Jared Cunningham,SG-PG,75.5,6' 3.5'',187.6,78.5,6' 6.5'',98,8' 2'',2012,1,24
203134,Marcus,Denmon,Marcus Denmon,SG,74.25,6' 2.25'',188.2,77,6' 5'',94.5,7' 10.5'',2012,2,59
203083,Andre,Drummond,Andre Drummond,C,81.75,6' 9.75'',278.6,90.25,7' 6.25'',109.5,9' 1.5'',2012,1,9
203119,Kim,English,Kim English,SG,76.5,6' 4.5'',192,78.5,6' 6.5'',98,8' 2'',2012,2,44
203105,Festus,Ezeli,Festus Ezeli,C-PF,81.75,6' 9.75'',264.2,89.75,7' 5.75'',108,9' 0'',2012,1,30
12467,Drew,Gordon,Drew Gordon,PF,80,6' 8'',239,83.5,6' 11.5'',103.5,8' 7.5'',2012,-1,-1
203254,JaMychal,Green,JaMychal Green,PF,80,6' 8'',217.4,86.25,7' 2.25'',106.5,8' 10.5'',2012,-1,-1
203110,Draymond,Green,Draymond Green,PF-SF,77.75,6' 5.75'',235.6,85.25,7' 1.25'',105,8' 9'',2012,2,35
203090,Maurice,Harkless,Maurice Harkless,SF,79.25,6' 7.25'',206.6,84,7' 0'',102.5,8' 6.5'',2012,1,15
203089,John,Henson,John Henson,PF,81,6' 9'',216,89,7' 5'',112,9' 4'',2012,1,14
203189,Tu,Holloway,Tu Holloway,PG,70.5,5' 10.5'',186.8,77.5,6' 5.5'',94.5,7' 10.5'',2012,-1,-1
203133,Robbie,Hummel,Robbie Hummel,SF,79.25,6' 7.25'',218,80.5,6' 8.5'',102,8' 6'',2012,2,58
203108,Bernard,James,Bernard James,PF,80.75,6' 8.75'',229.8,87,7' 3'',108.5,9' 0.5'',2012,2,33
203098,John,Jenkins,John Jenkins,SG,75.25,6' 3.25'',212,80.5,6' 8.5'',98,8' 2'',2012,1,23
203111,Orlando,Johnson,Orlando Johnson,SG,75.75,6' 3.75'',223.8,83.25,6' 11.25'',99,8' 3'',2012,2,36
203130,Darius,Johnson-Odom,Darius Johnson-Odom,SG,73.5,6' 1.5'',212,79,6' 7'',96,8' 0'',2012,2,55
203093,Terrence,Jones,Terrence Jones,PF-SF,80.25,6' 8.25'',252,86.25,7' 2.25'',107,8' 11'',2012,1,18
203158,Kevin,Jones,Kevin Jones,PF,78.25,6' 6.25'',251.2,85.5,7' 1.5'',105,8' 9'',2012,-1,-1
203103,Perry,Jones,Perry Jones,PF-SF,82.25,6' 10.25'',233.8,85.75,7' 1.75'',107,8' 11'',2012,-1,-1
203126,Kris,Joseph,Kris Joseph,SG,78,6' 6'',215,83,6' 11'',104,8' 8'',2012,2,51
203077,Michael,Kidd-Gilchrist,Michael Kidd-Gilchrist,SF,77.75,6' 5.75'',232.8,84,7' 0'',104.5,8' 8.5'',2012,1,2
203117,Doron,Lamb,Doron Lamb,SG-PG,75.25,6' 3.25'',199.4,78.75,6' 6.75'',98.5,8' 2.5'',2012,2,42
203087,Jeremy,Lamb,Jeremy Lamb,SG,76,6' 4'',179.2,83,6' 11'',102,8' 6'',2012,1,12
203086,Meyers,Leonard,Meyers Leonard,C,83.75,6' 11.75'',249.8,87,7' 3'',108,9' 0'',2012,1,11
203081,Damian,Lillard,Damian Lillard,PG,73.75,6' 1.75'',188.8,79.75,6' 7.75'',95.5,7' 11.5'',2012,1,6
203159,Scott,Machado,Scott Machado,PG,73,6' 1'',205.8,76,6' 4'',94.5,7' 10.5'',2012,-1,-1
203088,Kendall,Marshall,Kendall Marshall,PG,75.25,6' 3.25'',198.4,77.5,6' 5.5'',96,8' 0'',2012,1,13
203097,Fab,Melo,Fab Melo,C,82.75,6' 10.75'',255,86.5,7' 2.5'',110,9' 2'',2012,1,22
203114,Khris,Middleton,Khris Middleton,SF,78.75,6' 6.75'',216.2,82.75,6' 10.75'',103,8' 7'',2012,2,39
203121,Darius,Miller,Darius Miller,SF-SG,78,6' 6'',233.4,81,6' 9'',101,8' 5'',2012,2,46
203113,Quincy,Miller,Quincy Miller,SF,80.75,6' 8.75'',218.7,85.25,7' 1.25'',105,8' 9'',2012,2,38
203183,Tony,Mitchell,Tony Mitchell,SG,77.25,6' 5.25'',216.4,82,6' 10'',100,8' 4'',2012,2,37
203102,Arnett,Moultrie,Arnett Moultrie,PF,81.5,6' 9.5'',232.8,86.25,7' 2.25'',106.5,8' 10.5'',2012,1,27
203122,Kevin,Murphy,Kevin Murphy,SG,77,6' 5'',194,78.75,6' 6.75'',99,8' 3'',2012,2,47
203094,Andrew,Nicholson,Andrew Nicholson,PF,80.5,6' 8.5'',234,88,7' 4'',107,8' 11'',2012,1,19
203124,Kyle,O'Quinn,Kyle O'Quinn,PF,80.5,6' 8.5'',240.8,88.75,7' 4.75'',106.5,8' 10.5'',2012,2,49
203101,Miles,Plumlee,Miles Plumlee,PF-C,82.5,6' 10.5'',252.4,84.75,7' 0.75'',105.5,8' 9.5'',2012,1,26
203085,Austin,Rivers,Austin Rivers,SG-PG,75.5,6' 3.5'',202.8,79.25,6' 7.25'',96.5,8' 0.5'',2012,1,10
203080,Thomas,Robinson,Thomas Robinson,PF,79.75,6' 7.75'',244.2,87.25,7' 3.25'',106,8' 10'',2012,1,5
203082,Terrence,Ross,Terrence Ross,SG-SF,78,6' 6'',196.6,79.25,6' 7.25'',100.5,8' 4.5'',2012,1,8
203118,Mike,Scott,Mike Scott,PF,79.25,6' 7.25'',240.8,82.75,6' 10.75'',104,8' 8'',2012,2,43
203156,Henry,Sims,Henry Sims,C-PF,82,6' 10'',241.2,88,7' 4'',108,9' 0'',2012,-1,-1
203096,Jared,Sullinger,Jared Sullinger,PF,79.75,6' 7.75'',268.2,85.25,7' 1.25'',105.5,8' 9.5'',2012,1,21
203116,Tyshawn,Taylor,Tyshawn Taylor,PG,74.75,6' 2.75'',177,78.25,6' 6.25'',97.5,8' 1.5'',2012,2,41
12507,Jordan,Taylor,Jordan Taylor,PG,73,6' 1'',192.8,75,6' 3'',92.5,7' 8.5'',2012,-1,-1
203106,Jeff,Taylor,Jeff Taylor,SF-SG,78,6' 6'',212.8,78.25,6' 6.25'',101.5,8' 5.5'',2012,-1,-1
203104,Marquis,Teague,Marquis Teague,PG,73,6' 1'',179.8,79.25,6' 7.25'',96.5,8' 0.5'',2012,1,29
203138,Hollis,Thompson,Hollis Thompson,SF,78.75,6' 6.75'',206,81.5,6' 9.5'',102.5,8' 6.5'',2012,-1,-1
203100,Tony,Wroten,Tony Wroten,PG,76.75,6' 4.75'',203.2,81,6' 9'',101,8' 5'',2012,1,25
203092,Tyler,Zeller,Tyler Zeller,PF-C,83.25,6' 11.25'',247.4,84,7' 0'',104.5,8' 8.5'',2012,1,17
203500,Steven,Adams,Steven Adams,C,82.75,6' 10.75'',254.5,88.5,7' 4.5'',109.5,9' 1.5'',2013,1,12
203505,Vander,Blue,Vander Blue,SG,75.5,6' 3.5'',197.4,78,6' 6'',100.5,8' 4.5'',2013,-1,-1
203485,Lorenzo,Brown,Lorenzo Brown,PG,76,6' 4'',189.2,79,6' 7'',100,8' 4'',2013,2,52
203493,Reggie,Bullock,Reggie Bullock,SG-SF,77.75,6' 5.75'',199.8,80.75,6' 8.75'',102,8' 6'',2013,1,25
203504,Trey,Burke,Trey Burke,PG,71.75,5' 11.75'',187,77.5,6' 5.5'',97.5,8' 1.5'',2013,1,9
203484,Kentavious,Caldwell-Pope,Kentavious Caldwell-Pope,SG,76.5,6' 4.5'',203.6,80,6' 8'',100.5,8' 4.5'',2013,1,8
203477,Isaiah,Canaan,Isaiah Canaan,PG,71,5' 11'',188.4,76.5,6' 4.5'',94.5,7' 10.5'',2013,2,34
203478,Jackie,Carmichael,Jackie Carmichael,PF,79.5,6' 7.5'',241.2,85.5,7' 1.5'',107,8' 11'',2013,-1,-1
203487,Michael,Carter-Williams,Michael Carter-Williams,PG,76.75,6' 4.75'',184.4,79.25,6' 7.25'',101,8' 5'',2013,1,11
12524,Will,Clyburn,Will Clyburn,SF-SG,77.75,6' 5.75'',210.4,84.25,7' 0.25'',105,8' 9'',2013,-1,-1
203496,Robert,Covington,Robert Covington,SF-PF,78.25,6' 6.25'',208.6,85.75,7' 1.75'',106,8' 10'',2013,-1,-1
203459,Allen,Crabbe,Allen Crabbe,SG,77.25,6' 5.25'',197.4,83.25,6' 11.25'',103.5,8' 7.5'',2013,2,31
203561,Brandon,Davies,Brandon Davies,PF,80.5,6' 8.5'',241.8,85.5,7' 1.5'',108.5,9' 0.5'',2013,-1,-1
203473,Dewayne,Dedmon,Dewayne Dedmon,C,82,6' 10'',238.8,88,7' 4'',109,9' 1'',2013,-1,-1
203516,James,Ennis,James Ennis,SF,77.75,6' 5.75'',200.8,83.5,6' 11.5'',104.5,8' 8.5'',2013,-1,-1
203467,Carrick,Felix,Carrick Felix,SF-SG,76.75,6' 4.75'',202.6,81.25,6' 9.25'',103.5,8' 7.5'',2013,2,33
203497,Rudy,Gobert,Rudy Gobert,C,84.5,7' 0.5'',237.6,92.5,7' 8.5'',115,9' 7'',2013,1,27
203462,Archie,Goodwin,Archie Goodwin,SG,75.75,6' 3.75'',189,81.5,6' 9.5'',102,8' 6'',2013,1,29
203475,Erick,Green,Erick Green,PG,73.5,6' 1.5'',178.2,77.75,6' 5.75'',98,8' 2'',2013,2,46
203501,Tim,Hardaway Jr.,Tim Hardaway Jr.,SG,76.5,6' 4.5'',199.4,79,6' 7'',101,8' 5'',2013,1,24
203524,Solomon,Hill,Solomon Hill,SF,77.5,6' 5.5'',226,81,6' 9'',103,8' 7'',2013,1,23
203470,Colton,Iverson,Colton Iverson,C,82.5,6' 10.5'',262.8,86,7' 2'',110,9' 2'',2013,2,53
203511,Grant,Jerrett,Grant Jerrett,PF,80.75,6' 8.75'',232,86,7' 2'',109,9' 1'',2013,2,40
203509,Myck,Kabongo,Myck Kabongo,PG,73.25,6' 1.25'',180.4,78.25,6' 6.25'',98,8' 2'',2013,-1,-1
203483,Kenny,Kadji,Kenny Kadji,PF-C,80.75,6' 8.75'',241.6,87,7' 3'',106.5,8' 10.5'',2013,-1,-1
203499,Shane,Larkin,Shane Larkin,PG,70.25,5' 10.25'',170.8,70.75,5' 10.75'',89.5,7' 5.5'',2013,1,18
203495,Ricky,Ledo,Ricky Ledo,SG,76.75,6' 4.75'',197.2,79.25,6' 7.25'',102.5,8' 6.5'',2013,2,43
203466,CJ,Leslie,CJ Leslie,PF-SF,79.5,6' 7.5'',209.2,86.25,7' 2.25'',104.5,8' 8.5'',2013,-1,-1
203522,Trevor,Mbakwe,Trevor Mbakwe,PF,78.75,6' 6.75'',235.8,88,7' 4'',106.5,8' 10.5'',2013,-1,-1
203492,Ray,McCallum,Ray McCallum,PG,72.25,6' 0.25'',191.4,75.25,6' 3.25'',96.5,8' 0.5'',2013,2,36
203468,CJ,McCollum,CJ McCollum,PG-SG,74.25,6' 2.25'',197,78.25,6' 6.25'',96.5,8' 0.5'',2013,1,10
203463,Ben,McLemore,Ben McLemore,SG,75.5,6' 3.5'',189.2,79.75,6' 7.75'',100.5,8' 4.5'',2013,1,7
203502,Tony,Mitchell,Tony Mitchell,PF-SF,79.5,6' 7.5'',236.4,86.5,7' 2.5'',106.5,8' 10.5'',2013,2,37
203498,Shabazz,Muhammad,Shabazz Muhammad,SF-SG,76.75,6' 4.75'',221.8,83,6' 11'',104.5,8' 8.5'',2013,1,14
203513,Erik,Murphy,Erik Murphy,PF,80.75,6' 8.75'',239.8,82.5,6' 10.5'',108,9' 0'',2013,2,49
203488,Mike,Muscala,Mike Muscala,C-PF,82.25,6' 10.25'',230.2,85,7' 1'',108,9' 0'',2013,2,44
203506,Victor,Oladipo,Victor Oladipo,SG,75.25,6' 3.25'',213.2,81.25,6' 9.25'',100.5,8' 4.5'',2013,1,2
203482,Kelly,Olynyk,Kelly Olynyk,PF-C,82.75,6' 10.75'',234,81.75,6' 9.75'',108,9' 0'',2013,1,13
203464,Brandon,Paul,Brandon Paul,SG,74.75,6' 2.75'',201,82.25,6' 10.25'',98,8' 2'',2013,-1,-1
203658,Norvel,Pelle,Norvel Pelle,PF-C,81.5,6' 9.5'',207.2,86.5,7' 2.5'',109,9' 1'',2013,-1,-1
203486,Mason,Plumlee,Mason Plumlee,C-PF,83.25,6' 11.25'',238.2,83,6' 11'',108,9' 0'',2013,1,22
203490,Otto,Porter,Otto Porter,SF,79.5,6' 7.5'',197.6,85.5,7' 1.5'',105.5,8' 9.5'',2013,-1,-1
203515,Phil,Pressey,Phil Pressey,PG,69.5,5' 9.5'',177,74.25,6' 2.25'',92,7' 8'',2013,-1,-1
203318,Glen,Rice,Glen Rice,SF-SG,76.5,6' 4.5'',210.8,81.25,6' 9.25'',101.5,8' 5.5'',2013,2,35
203460,Andre,Roberson,Andre Roberson,PF-SF,78.25,6' 6.25'',205.8,83,6' 11'',104.5,8' 8.5'',2013,1,26
203471,Dennis,Schroder,Dennis Schroder,PG,73,6' 1'',164.8,79.75,6' 7.75'',98,8' 2'',2013,1,17
203491,Peyton,Siva,Peyton Siva,PG,71.5,5' 11.5'',180.6,75,6' 3'',93,7' 9'',2013,2,56
203503,Tony,Snell,Tony Snell,SF-SG,78,6' 6'',198.2,83.5,6' 11.5'',105.5,8' 9.5'',2013,1,20
203480,James,Southerland,James Southerland,SF-PF,79,6' 7'',220.6,85,7' 1'',106,8' 10'',2013,-1,-1
203519,Adonis,Thomas,Adonis Thomas,SF,76.75,6' 4.75'',231.8,85,7' 1'',99,8' 3'',2013,-1,-1
203472,Deshaun,Thomas,Deshaun Thomas,SF,77,6' 5'',219.8,82,6' 10'',104,8' 8'',2013,2,58
203481,Jeff,Withey,Jeff Withey,C,82.75,6' 10.75'',221.8,86,7' 2'',110.5,9' 2.5'',2013,2,39
203489,Nate,Wolters,Nate Wolters,PG,75.5,6' 3.5'',196.4,75.75,6' 3.75'',98,8' 2'',2013,2,38
203469,Cody,Zeller,Cody Zeller,C-PF,82.75,6' 10.75'',230,82.75,6' 10.75'',106,8' 10'',2013,1,4
203919,Jordan,Adams,Jordan Adams,SG,75.5,6' 3.5'',208.8,82,6' 10'',102,8' 6'',2014,1,22
203648,Thanasis,Antetokounmpo,Thanasis Antetokounmpo,SF,77.25,6' 5.25'',205.2,84,7' 0'',104.5,8' 8.5'',2014,2,51
203947,Jordan,Bachynski,Jordan Bachynski,PF,85.25,7' 1.25'',254.1,88,7' 4'',108.5,9' 0.5'',2014,-1,-1
203946,Cameron,Bairstow,Cameron Bairstow,PF,80.75,6' 8.75'',252.4,84.75,7' 0.75'',107,8' 11'',2014,2,49
203920,Khem,Birch,Khem Birch,PF,79.5,6' 7.5'',208.8,85,7' 1'',107,8' 11'',2014,-1,-1
203938,Alec,Brown,Alec Brown,PF,84.25,7' 0.25'',231.2,85.5,7' 1.5'',109,9' 1'',2014,2,50
203900,Markel,Brown,Markel Brown,SG,74.5,6' 2.5'',184.4,80.75,6' 8.75'',100,8' 4'',2014,2,44
203913,Jabari,Brown,Jabari Brown,SG,75,6' 3'',201.9,80.25,6' 8.25'',100,8' 4'',2014,-1,-1
203907,Deonte,Burton,Deonte Burton,PG,72,6' 0'',192.8,79,6' 7'',97.5,8' 1.5'',2014,-1,-1
203902,Semaj,Christon,Semaj Christon,PG,73.5,6' 1.5'',186,78.5,6' 6.5'',99,8' 3'',2014,2,55
203903,Jordan,Clarkson,Jordan Clarkson,PG,75.25,6' 3.25'',186.3,80,6' 8'',98,8' 2'',2014,2,46
203905,Aaron,Craft,Aaron Craft,PG,72.75,6' 0.75'',191.6,74,6' 2'',94.5,7' 10.5'',2014,-1,-1
203908,DeAndre,Daniels,DeAndre Daniels,SF,79.25,6' 7.25'',196,86,7' 2'',106.5,8' 10.5'',2014,2,37
203921,Cleanthony,Early,Cleanthony Early,SF,78,6' 6'',209.4,82.75,6' 10.75'',101.5,8' 5.5'',2014,2,34
203929,Melvin,Ejim,Melvin Ejim,SF,77.25,6' 5.25'',218.5,83.25,6' 11.25'',103.5,8' 7.5'',2014,-1,-1
203898,Tyler,Ennis,Tyler Ennis,PG,73,6' 1'',181.5,79.25,6' 7.25'',98,8' 2'',2014,1,18
203957,Dante,Exum,Dante Exum,SG,76.5,6' 4.5'',196.3,81.5,6' 9.5'',103,8' 7'',2014,1,5
203927,C.J.,Fair,C.J. Fair,SF,78.5,6' 6.5'',218.1,81.5,6' 9.5'',104,8' 8'',2014,-1,-1
203932,Aaron,Gordon,Aaron Gordon,PF,79.5,6' 7.5'',220.1,83.75,6' 11.75'',105,8' 9'',2014,1,4
203798,P.J.,Hairston,P.J. Hairston,SG,76.25,6' 4.25'',228.8,81,6' 9'',101,8' 5'',2014,-1,-1
203925,Joe,Harris,Joe Harris,SG,76.75,6' 4.75'',215,78,6' 6'',100,8' 4'',2014,2,33
203918,Rodney,Hood,Rodney Hood,SF,79.25,6' 7.25'',208.2,80.5,6' 8.5'',103,8' 7'',2014,1,23
203928,Cory,Jefferson,Cory Jefferson,PF,79.75,6' 7.75'',218.4,84.5,7' 0.5'',105,8' 9'',2014,2,60
203910,Nick,Johnson,Nick Johnson,SG,73.5,6' 1.5'',198,79.25,6' 7.25'',96.5,8' 0.5'',2014,2,42
203945,Alex,Kirk,Alex Kirk,PF,81.25,6' 9.25'',252,87.5,7' 3.5'',109.5,9' 1.5'',2014,-1,-1
203897,Zach,LaVine,Zach LaVine,PG,76.5,6' 4.5'',180.9,80.25,6' 8.25'',100,8' 4'',2014,1,13
203906,Devyn,Marble,Devyn Marble,SG,77,6' 5'',192.4,81,6' 9'',102,8' 6'',2014,2,56
203949,James,McAdoo,James McAdoo,PF,79.5,6' 7.5'',227.6,86.25,7' 2.25'',106.5,8' 10.5'',2014,-1,-1
203909,K.J.,McDaniels,K.J. McDaniels,SF,76.5,6' 4.5'',195.6,83.25,6' 11.25'',102,8' 6'',2014,-1,-1
203926,Doug,McDermott,Doug McDermott,SF,78.25,6' 6.25'',218,81.25,6' 9.25'',103,8' 7'',2014,1,11
203895,Jordan,McRae,Jordan McRae,SG,75.75,6' 3.75'',179.4,84.5,7' 0.5'',104,8' 8'',2014,2,58
203894,Shabazz,Napier,Shabazz Napier,PG,71,5' 11'',175.2,75.25,6' 3.25'',93,7' 9'',2014,1,24
203948,Johnny,O'Bryant III,Johnny O'Bryant III,PF,79.25,6' 7.25'',256.8,86.25,7' 2.25'',105,8' 9'',2014,-1,-1
203934,Lamar,Patterson,Lamar Patterson,SG,76,6' 4'',226,83,6' 11'',101,8' 5'',2014,2,48
203901,Elfrid,Payton,Elfrid Payton,PG,74.5,6' 2.5'',185.4,80,6' 8'',98.5,8' 2.5'',2014,1,10
203939,Dwight,Powell,Dwight Powell,PF,81.5,6' 9.5'',234.4,84.5,7' 0.5'',105,8' 9'',2014,2,45
203944,Julius,Randle,Julius Randle,PF,79.75,6' 7.75'',249.7,84,7' 0'',105.5,8' 9.5'',2014,1,7
203922,Glenn,Robinson III,Glenn Robinson III,SF,77.5,6' 5.5'',211.4,82,6' 10'',100.5,8' 4.5'',2014,2,40
203941,LaQuinton,Ross,LaQuinton Ross,SF,78.5,6' 6.5'',238.7,85.75,7' 1.75'',106,8' 10'',2014,-1,-1
203935,Marcus,Smart,Marcus Smart,PG,74,6' 2'',227.2,81.25,6' 9.25'',99,8' 3'',2014,1,6
203893,Russ,Smith,Russ Smith,PG,71.5,5' 11.5'',160,75.5,6' 3.5'',95,7' 11'',2014,2,47
203917,Nik,Stauskas,Nik Stauskas,SG,77.25,6' 5.25'',206.9,79.75,6' 7.75'',102,8' 6'',2014,1,8
203950,Jarnell,Stokes,Jarnell Stokes,PF,79,6' 7'',262.8,85.25,7' 1.25'',103.5,8' 7.5'',2014,2,35
203904,Xavier,Thames,Xavier Thames,PG,74.25,6' 2.25'',187,76,6' 4'',96,8' 0'',2014,2,59
203943,Noah,Vonleh,Noah Vonleh,PF,80,6' 8'',247.1,88.25,7' 4.25'',108,9' 0'',2014,1,9
203933,T.J.,Warren,T.J. Warren,SF,79,6' 7'',220.2,82.25,6' 10.25'',104,8' 8'',2014,1,14
203912,C.J.,Wilcox,C.J. Wilcox,SG,75.5,6' 3.5'',201,81.75,6' 9.75'',100.5,8' 4.5'',2014,1,28
203899,Kendall,Williams,Kendall Williams,PG,74.25,6' 2.25'',183,77.5,6' 5.5'',99,8' 3'',2014,-1,-1
203942,Patric,Young,Patric Young,PF,80.5,6' 8.5'',246.8,85.75,7' 1.75'',103.5,8' 7.5'',2014,-1,-1
203923,James,Young,James Young,SG,77.25,6' 5.25'',213.3,84,7' 0'',104,8' 8'',2014,1,17
1626147,Justin,Anderson,Justin Anderson,SF-SG,77.25,6' 5.25'',230.6,83.75,6' 11.75'',101,8' 5'',2015,1,21
1626165,Brandon,Ashley,Brandon Ashley,PF,79.25,6' 7.25'',228,87.75,7' 3.75'',105,8' 9'',2015,-1,-1
1626207,Ryan,Boatright,Ryan Boatright,PG,70,5' 10'',169.6,72.5,6' 0.5'',92.5,7' 8.5'',2015,-1,-1
1626164,Devin,Booker,Devin Booker,SG,76.5,6' 4.5'',205.8,80.25,6' 8.25'',102.5,8' 6.5'',2015,1,13
1626148,Anthony,Brown,Anthony Brown,SF-SG,77.75,6' 5.75'',211,83,6' 11'',104.5,8' 8.5'',2015,2,34
1626176,Rakeem,Christmas,Rakeem Christmas,PF-C,80.25,6' 8.25'',242.6,89.25,7' 5.25'',110.5,9' 2.5'',2015,2,36
1626192,Pat,Connaughton,Pat Connaughton,SG,76,6' 4'',215,80,6' 8'',96,8' 0'',2015,2,41
1626188,Quinn,Cook,Quinn Cook,PG,72.25,6' 0.25'',179,76,6' 4'',96.5,8' 0.5'',2015,-1,-1
1626183,Branden,Dawson,Branden Dawson,PF,77.5,6' 5.5'',230.2,83,6' 11'',105,8' 9'',2015,2,56
1626155,Sam,Dekker,Sam Dekker,SF,79.75,6' 7.75'',218.6,83.5,6' 11.5'',106,8' 10'',2015,1,18
1626187,Michael,Frazier II,Michael Frazier II,SG,75.75,6' 3.75'',199.4,80,6' 8'',101.5,8' 5.5'',2015,-1,-1
1626203,Treveon,Graham,Treveon Graham,SF,76,6' 4'',219.4,82.5,6' 10.5'',103,8' 7'',2015,-1,-1
1626152,Olivier,Hanlan,Olivier Hanlan,PG-SG,75.25,6' 3.25'',185.8,78,6' 6'',100,8' 4'',2015,2,42
1626150,Andrew,Harrison,Andrew Harrison,PG,76.5,6' 4.5'',213.2,81,6' 9'',100,8' 4'',2015,2,44
1626151,Aaron,Harrison,Aaron Harrison,SG,76.5,6' 4.5'',209.2,80.25,6' 8.25'',100.5,8' 4.5'',2015,-1,-1
1626227,Tyler,Harvey,Tyler Harvey,SG,74.75,6' 2.75'',181.4,77.5,6' 5.5'',98.5,8' 2.5'',2015,2,51
1626186,Corey,Hawkins,Corey Hawkins,SG-PG,72.75,6' 0.75'',191.8,80,6' 8'',99.5,8' 3.5'',2015,-1,-1
1626178,Rondae,Hollis-Jefferson,Rondae Hollis-Jefferson,SF,77.5,6' 5.5'',210.8,86,7' 2'',104,8' 8'',2015,1,23
1626158,Richaun,Holmes,Richaun Holmes,PF,80.25,6' 8.25'',242.8,85.5,7' 1.5'',108,9' 0'',2015,2,37
1626182,Jonathan,Holmes,Jonathan Holmes,PF-SF,80.25,6' 8.25'',242.2,83.5,6' 11.5'',107.5,8' 11.5'',2015,-1,-1
1626154,R.J.,Hunter,R.J. Hunter,SG,76.5,6' 4.5'',185,82.5,6' 10.5'',104,8' 8'',2015,-1,-1
1626205,Vince,Hunter,Vince Hunter,PF,78.75,6' 6.75'',208.4,83,6' 11'',104.5,8' 8.5'',2015,-1,-1
1626177,Dakari,Johnson,Dakari Johnson,C,83,6' 11'',264.6,86,7' 2'',112,9' 4'',2015,2,48
1626145,Tyus,Jones,Tyus Jones,PG,72.5,6' 0.5'',184.6,77,6' 5'',97,8' 1'',2015,1,24
1626185,Jarell,Martin,Jarell Martin,PF,80,6' 8'',238.6,81,6' 9'',106.5,8' 10.5'',2015,1,25
204456,TJ,McConnell,TJ McConnell,PG,72.5,6' 0.5'',187.8,74,6' 2'',96.5,8' 0.5'',2015,-1,-1
1626175,Jordan,Mickey,Jordan Mickey,PF,79,6' 7'',238,87.25,7' 3.25'',106,8' 10'',2015,2,33
2006,Larry,Nance,Larry Nance,PF,79.5,6' 7.5'',226.6,85.5,7' 1.5'',108,9' 0'',2015,-1,-1
1626162,Kelly,Oubre,Kelly Oubre,SF-SG,77.75,6' 5.75'',202.8,86.25,7' 2.25'',102.5,8' 6.5'',2015,-1,-1
1626166,Cameron,Payne,Cameron Payne,PG,72.75,6' 0.75'',182.8,79.25,6' 7.25'',97.5,8' 1.5'',2015,1,14
1626189,Terran,Petteway,Terran Petteway,SG,76.75,6' 4.75'',209.2,83.25,6' 11.25'',104.5,8' 8.5'',2015,-1,-1
1626171,Bobby,Portis,Bobby Portis,PF,81.5,6' 9.5'',246.2,86,7' 2'',108.5,9' 0.5'',2015,1,22
1626181,Norman,Powell,Norman Powell,SG,75,6' 3'',215.4,82.75,6' 10.75'',102.5,8' 6.5'',2015,2,46
1626180,Michael,Qualls,Michael Qualls,SG-SF,76,6' 4'',201.4,84.25,7' 0.25'',104.5,8' 8.5'',2015,-1,-1
1626184,Chasson,Randle,Chasson Randle,PG,72.25,6' 0.25'',178.8,79,6' 7'',96.5,8' 0.5'',2015,-1,-1
1626179,Terry,Rozier,Terry Rozier,PG-SG,72.5,6' 0.5'',190.2,80.25,6' 8.25'',98.5,8' 2.5'',2015,1,16
1626208,Keifer,Sykes,Keifer Sykes,PG,70.5,5' 10.5'',167.2,74,6' 2'',93,7' 9'',2015,-1,-1
1626194,Marcus,Thornton,Marcus Thornton,PG-SG,73.75,6' 1.75'',177.4,79.75,6' 7.75'',97.5,8' 1.5'',2015,2,43
1626160,J.P.,Tokoto,J.P. Tokoto,SF-SG,77.25,6' 5.25'',195.8,82,6' 10'',100.5,8' 4.5'',2015,-1,-1
1626173,Rashad,Vaughn,Rashad Vaughn,SG,75.75,6' 3.75'',198.6,79,6' 7'',101,8' 5'',2015,1,17
1626217,Chris,Walker,Chris Walker,PF,80.75,6' 8.75'',208,86.75,7' 2.75'',108,9' 0'',2015,-1,-1
1627361,Dez,Wells,Dez Wells,SG,75,6' 3'',208.8,81.5,6' 9.5'',100.5,8' 4.5'',2015,-1,-1
1626210,Alan,Williams,Alan Williams,PF,79.25,6' 7.25'',261.4,85.75,7' 1.75'',106.5,8' 10.5'',2015,-1,-1
1626153,Delon,Wright,Delon Wright,PG,76.25,6' 4.25'',181.4,79.5,6' 7.5'',101.5,8' 5.5'',2015,1,20
1627758,Ron,Baker,Ron Baker,SG,75.25,6' 3.25'',212.4,81.75,6' 9.75'',97.5,8' 1.5'',2016,-1,-1
1627735,Wade,Baldwin IV,Wade Baldwin IV,PG,74.5,6' 2.5'',201.8,83.25,6' 11.25'',100,8' 4'',2016,1,17
1627761,DeAndre,Bembry,DeAndre Bembry,SG-SF,76.25,6' 4.25'',206.6,81.25,6' 9.25'',101,8' 5'',2016,-1,-1
1627791,Ben,Bentil,Ben Bentil,PF,79.25,6' 7.25'',229.2,85.5,7' 1.5'',105,8' 9'',2016,2,51
1628417,Jaron,Blossomgame,Jaron Blossomgame,SF,78.25,6' 6.25'',213.6,82,6' 10'',102,8' 6'',2016,-1,-1
1627762,Joel,Bolomboy,Joel Bolomboy,PF,79.5,6' 7.5'',224.4,85.75,7' 1.75'',103.5,8' 7.5'',2016,2,52
1627763,Malcolm,Brogdon,Malcolm Brogdon,SG,75.75,6' 3.75'',223,82.5,6' 10.5'',98,8' 2'',2016,2,36
1627737,Marquese,Chriss,Marquese Chriss,PF,80.75,6' 8.75'',233,84.25,7' 0.25'',105,8' 9'',2016,1,8
1627766,Isaiah,Cousins,Isaiah Cousins,PG,75.25,6' 3.25'',194,78.25,6' 6.25'',98.5,8' 2.5'',2016,2,59
1627767,Cheick,Diallo,Cheick Diallo,PF,79.5,6' 7.5'',218.6,88.5,7' 4.5'',107.5,8' 11.5'',2016,2,33
1627768,Perry,Ellis,Perry Ellis,PF,79,6' 7'',217.8,82.25,6' 10.25'',102,8' 6'',2016,-1,-1
1627770,Kay,Felder,Kay Felder,PG,68.25,5' 8.25'',177.2,74.5,6' 2.5'',88.5,7' 4.5'',2016,2,54
1627827,Dorian,Finney-Smith,Dorian Finney-Smith,SF,78.5,6' 6.5'',212.6,83.75,6' 11.75'',105.5,8' 9.5'',2016,-1,-1
1627771,Michael,Gbinije,Michael Gbinije,SG,77.5,6' 5.5'',204.6,79.5,6' 7.5'',101,8' 5'',2016,2,49
1627772,Daniel,Hamilton,Daniel Hamilton,SG-SF,78.25,6' 6.25'',197,81,6' 9'',103.5,8' 7.5'',2016,2,56
1628404,Josh,Hart,Josh Hart,SG,76,6' 4'',203.6,80.5,6' 8.5'',99.5,8' 3.5'',2016,-1,-1
1628502,Nigel,Hayes,Nigel Hayes,SF-PF,78.25,6' 6.25'',245,87,7' 3'',107.5,8' 11.5'',2016,-1,-1
204211,Justin,Jackson,Justin Jackson,SF,79,6' 7'',193.4,82.75,6' 10.75'',103.5,8' 7.5'',2016,-1,-1
1627743,Demetrius,Jackson,Demetrius Jackson,PG,72,6' 0'',193.8,77.5,6' 5.5'',93,7' 9'',2016,2,45
1627744,Brice,Johnson,Brice Johnson,PF,81,6' 9'',208.6,84.5,7' 0.5'',106.5,8' 10.5'',2016,1,25
1627745,Damian,Jones,Damian Jones,C,82.25,6' 10.25'',243.6,87.75,7' 3.75'',107,8' 11'',2016,1,30
1627774,Jake,Layman,Jake Layman,SF,80,6' 8'',208.6,81.25,6' 9.25'',102,8' 6'',2016,2,47
1629159,Marcus,Lee,Marcus Lee,PF-C,81,6' 9'',211,87,7' 3'',107.5,8' 11.5'',2016,-1,-1
1627748,Thon,Maker,Thon Maker,PF,83.75,6' 11.75'',216,87,7' 3'',110.5,9' 2.5'',2016,1,10
1627775,Patrick,McCaw,Patrick McCaw,PG-SG,77.25,6' 5.25'',180.8,82,6' 10'',100.5,8' 4.5'',2016,2,38
1629005,Malik,Newman,Malik Newman,SG,74.25,6' 2.25'',182.2,77.75,6' 5.75'',97.5,8' 1.5'',2016,-1,-1
1627777,Georges,Niang,Georges Niang,PF,78.75,6' 6.75'',230.8,82,6' 10'',103,8' 7'',2016,2,50
1627778,Chinanu,Onuaku,Chinanu Onuaku,C,81,6' 9'',245.2,86.75,7' 2.75'',108.5,9' 0.5'',2016,2,37
1627779,Marcus,Paige,Marcus Paige,PG,72.5,6' 0.5'',163.8,78.25,6' 6.25'',97,8' 1'',2016,2,55
1627780,Gary,Payton II,Gary Payton II,PG,74,6' 2'',183.8,80,6' 8'',99.5,8' 3.5'',2016,-1,-1
1627752,Taurean,Prince,Taurean Prince,SF,78.5,6' 6.5'',220.2,83.5,6' 11.5'',102,8' 6'',2016,1,12
1627753,Zhou,Qi,Zhou Qi,PF-C,85.25,7' 1.25'',218.2,91.75,7' 7.75'',112.5,9' 4.5'',2016,2,43
1627781,Malachi,Richardson,Malachi Richardson,SG-SF,76.75,6' 4.75'',199.6,84,7' 0'',101.5,8' 5.5'',2016,1,22
1627783,Pascal,Siakam,Pascal Siakam,PF,80.25,6' 8.25'',226.6,87.25,7' 3.25'',107.5,8' 11.5'',2016,1,27
1627754,Diamond,Stone,Diamond Stone,C,81,6' 9'',254.4,86.75,7' 2.75'',108.5,9' 0.5'',2016,2,40
1628403,Caleb,Swanigan,Caleb Swanigan,PF,79.5,6' 7.5'',246.6,87.5,7' 3.5'',107,8' 11'',2016,-1,-1
1628453,Melo,Trimble,Melo Trimble,PG,73.25,6' 1.25'',191.8,74,6' 2'',92.5,7' 8.5'',2016,-1,-1
1627755,Tyler,Ulis,Tyler Ulis,PG,68.75,5' 8.75'',149.2,74,6' 2'',88.5,7' 4.5'',2016,2,34
1627784,Jarrod,Uthoff,Jarrod Uthoff,PF,80.5,6' 8.5'',214.4,83.5,6' 11.5'',104,8' 8'',2016,-1,-1
1627756,Denzel,Valentine,Denzel Valentine,SG-SF,76,6' 4'',210.4,82.75,6' 10.75'',102,8' 6'',2016,1,14
1627785,Isaiah,Whitehead,Isaiah Whitehead,PG-SG,75.25,6' 3.25'',210,80.75,6' 8.75'',100,8' 4'',2016,2,42
1627786,Troy,Williams,Troy Williams,SF,77.75,6' 5.75'',217.8,80.25,6' 8.25'',102,8' 6'',2016,-1,-1
1627787,Kyle,Wiltjer,Kyle Wiltjer,PF,80.75,6' 8.75'',242.8,84.25,7' 0.25'',102.5,8' 6.5'',2016,-1,-1
1627757,Stephen,Zimmerman,Stephen Zimmerman,C,82.25,6' 10.25'',234,87.25,7' 3.25'',108.5,9' 0.5'',2016,2,41
